AF3,F7,F3,FC5,T7,P7,O1,O2,P8,T8,FC6,F4,F8,AF4
4.621059820055961609e-02,7.905297726392745972e-02,-8.701981604099273682e-02,-1.071512699127197266e-01,-2.336819656193256378e-02,-5.063569173216819763e-03,2.329477295279502869e-02,-1.324053108692169189e-01,-5.908747203648090363e-03,6.911582499742507935e-02,3.361311554908752441e-02,2.836058847606182098e-02,4.558195173740386963e-02,9.578891843557357788e-02
5.331925153732299805e-01,6.782667040824890137e-01,5.938660502433776855e-01,5.437430739402770996e-01,5.705671310424804688e-01,5.307044386863708496e-01,6.274550557136535645e-01,5.039652585983276367e-01,4.044086337089538574e-01,3.703464567661285400e-01,5.044437646865844727e-01,5.663373470306396484e-01,4.072247743606567383e-01,5.126013755798339844e-01
6.976799964904785156e-01,1.233734846115112305e+00,1.134625673294067383e+00,1.040873289108276367e+00,1.092024803161621094e+00,7.932087779045104980e-01,8.886698484420776367e-01,8.299356698989868164e-01,1.054445505142211914e+00,6.574495434761047363e-01,1.036984086036682129e+00,8.915376067161560059e-01,9.177697896957397461e-01,8.212252259254455566e-01
1.042237997055053711e+00,1.265985369682312012e+00,1.302639007568359375e+00,1.267257690429687500e+00,1.640711069107055664e+00,1.319182872772216797e+00,1.193773865699768066e+00,1.191949248313903809e+00,1.162264704704284668e+00,1.183040261268615723e+00,1.202314019203186035e+00,1.236135840415954590e+00,1.178937792778015137e+00,1.081841826438903809e+00
1.169660329818725586e+00,1.550775289535522461e+00,1.770055890083312988e+00,1.512792348861694336e+00,1.741610288619995117e+00,1.268325567245483398e+00,1.474077105522155762e+00,1.326386809349060059e+00,1.291597843170166016e+00,1.290915489196777344e+00,1.336257100105285645e+00,1.403307080268859863e+00,1.509141445159912109e+00,1.138148188591003418e+00
1.258986830711364746e+00,1.668928146362304688e+00,1.807230472564697266e+00,1.518385529518127441e+00,1.792601466178894043e+00,1.604388475418090820e+00,1.434348940849304199e+00,1.521658062934875488e+00,1.269600987434387207e+00,1.206213116645812988e+00,1.440207004547119141e+00,1.549942374229431152e+00,1.537790775299072266e+00,1.386506795883178711e+00
1.280611038208007812e+00,1.473082423210144043e+00,1.681958556175231934e+00,1.330178618431091309e+00,1.696034312248229980e+00,1.471991896629333496e+00,1.455271601676940918e+00,1.157873749732971191e+00,1.193418502807617188e+00,1.277484178543090820e+00,1.234178066253662109e+00,1.328284263610839844e+00,1.438858032226562500e+00,1.325232863426208496e+00
1.186212062835693359e+00,1.276791095733642578e+00,1.506315469741821289e+00,1.309911608695983887e+00,1.416879773139953613e+00,1.214939117431640625e+00,1.327960014343261719e+00,1.057096719741821289e+00,1.112433552742004395e+00,9.579521417617797852e-01,9.900754094123840332e-01,1.193644046783447266e+00,1.150882244110107422e+00,9.367409348487854004e-01
1.086290001869201660e+00,1.317638754844665527e+00,1.410356044769287109e+00,7.988663911819458008e-01,1.289878606796264648e+00,1.163685798645019531e+00,1.055562973022460938e+00,9.515262246131896973e-01,7.825697064399719238e-01,9.275692105293273926e-01,1.053748369216918945e+00,9.437493085861206055e-01,9.651369452476501465e-01,8.686280250549316406e-01
8.048545122146606445e-01,8.843011260032653809e-01,1.020108461380004883e+00,6.285234093666076660e-01,1.014171600341796875e+00,7.144412994384765625e-01,8.428649306297302246e-01,9.766717553138732910e-01,5.877948999404907227e-01,9.543386697769165039e-01,8.604157567024230957e-01,6.598010063171386719e-01,7.752018570899963379e-01,6.773321032524108887e-01
6.078258156776428223e-01,7.002037167549133301e-01,7.142584323883056641e-01,5.297265648841857910e-01,4.897476732730865479e-01,5.095511674880981445e-01,6.114789247512817383e-01,8.908973336219787598e-01,4.608066082000732422e-01,8.176786303520202637e-01,8.457834720611572266e-01,6.266812682151794434e-01,3.264791369438171387e-01,6.029893755912780762e-01
2.924422621726989746e-01,7.642427086830139160e-01,4.856526851654052734e-01,3.349226415157318115e-01,3.818534314632415771e-01,3.308865129947662354e-01,2.361786514520645142e-01,9.413075447082519531e-01,3.448597788810729980e-01,8.144740462303161621e-01,4.646001458168029785e-01,6.012929677963256836e-01,7.889910787343978882e-02,3.330207467079162598e-01
2.422335594892501831e-01,4.311881363391876221e-01,3.092470765113830566e-01,1.726642549037933350e-01,2.631085216999053955e-01,2.650893628597259521e-01,3.017660081386566162e-01,6.174830794334411621e-01,1.712514460086822510e-01,3.176336586475372314e-01,3.337469696998596191e-01,2.901372909545898438e-01,-1.852210164070129395e-01,1.465874910354614258e-01
-8.802648633718490601e-03,1.760041266679763794e-01,6.297645717859268188e-02,4.179753159405663610e-05,3.585045784711837769e-02,-1.725730299949645996e-01,2.708918154239654541e-01,3.256832063198089600e-01,1.001817733049392700e-01,2.588779926300048828e-01,2.398567050695419312e-01,7.204615324735641479e-02,3.530565276741981506e-02,6.893423199653625488e-02
-4.100499674677848816e-02,-3.285628184676170349e-02,-2.173110246658325195e-01,-1.551514565944671631e-01,-5.559392571449279785e-01,-3.024770878255367279e-02,-1.649145632982254028e-01,9.926161170005798340e-02,9.340938180685043335e-02,7.073437422513961792e-02,-5.974232777953147888e-02,6.656199693679809570e-02,-2.363629937171936035e-01,-2.720446884632110596e-01
-5.201623439788818359e-01,-3.623275458812713623e-01,-2.930521368980407715e-01,-4.262186586856842041e-01,-6.098517775535583496e-01,-3.542477786540985107e-01,-2.885132730007171631e-01,-1.626018285751342773e-01,-2.882068157196044922e-01,-4.734886288642883301e-01,-4.912729263305664062e-01,-2.286382615566253662e-01,-4.629349410533905029e-01,-5.359556078910827637e-01
-4.450153410434722900e-01,-9.154940247535705566e-01,-4.983015954494476318e-01,-8.801192045211791992e-01,-1.027230501174926758e+00,-4.026411473751068115e-01,-5.138232707977294922e-01,-7.613741159439086914e-01,-6.142378449440002441e-01,-7.674024105072021484e-01,-6.429734230041503906e-01,-3.493929505348205566e-01,-6.778846979141235352e-01,-5.655438899993896484e-01
-6.830950975418090820e-01,-1.258843421936035156e+00,-9.903586506843566895e-01,-9.876728653907775879e-01,-1.070661306381225586e+00,-5.851590037345886230e-01,-7.530311346054077148e-01,-1.124766945838928223e+00,-7.408793568611145020e-01,-1.204155206680297852e+00,-1.337493300437927246e+00,-6.448202133178710938e-01,-7.745350599288940430e-01,-9.691458344459533691e-01
-9.251877665519714355e-01,-1.249322652816772461e+00,-1.218809843063354492e+00,-1.240419626235961914e+00,-1.328723073005676270e+00,-6.730594635009765625e-01,-9.140026569366455078e-01,-1.455729722976684570e+00,-8.810975551605224609e-01,-1.353136658668518066e+00,-1.389911293983459473e+00,-9.189501404762268066e-01,-9.646117687225341797e-01,-1.013613820075988770e+00
-9.534983038902282715e-01,-1.223219275474548340e+00,-1.503855586051940918e+00,-1.238840341567993164e+00,-1.464059948921203613e+00,-7.336075305938720703e-01,-1.076524019241333008e+00,-1.556913971900939941e+00,-7.845548391342163086e-01,-1.166849851608276367e+00,-1.351825952529907227e+00,-1.048611044883728027e+00,-1.025173783302307129e+00,-1.131302714347839355e+00
-8.428401947021484375e-01,-1.151294469833374023e+00,-1.509621739387512207e+00,-1.160671114921569824e+00,-1.475541472434997559e+00,-1.104266285896301270e+00,-1.140038847923278809e+00,-1.371935129165649414e+00,-8.685609102249145508e-01,-1.292571902275085449e+00,-1.147378087043762207e+00,-9.541347622871398926e-01,-1.020029425621032715e+00,-1.058165431022644043e+00
-1.083625316619873047e+00,-5.609447360038757324e-01,-1.394725203514099121e+00,-1.056718945503234863e+00,-1.330033302307128906e+00,-1.057946205139160156e+00,-1.330694198608398438e+00,-1.228250265121459961e+00,-6.843408346176147461e-01,-9.941376447677612305e-01,-9.769238829612731934e-01,-8.808823227882385254e-01,-8.501965999603271484e-01,-9.659481048583984375e-01
-8.812107443809509277e-01,-2.641409933567047119e-01,-1.359193801879882812e+00,-6.865985989570617676e-01,-6.642459630966186523e-01,-8.732378482818603516e-01,-9.121409058570861816e-01,-9.913263320922851562e-01,-4.978482127189636230e-01,-6.722248196601867676e-01,-4.533270895481109619e-01,-6.530185937881469727e-01,-5.033664703369140625e-01,-6.571361422538757324e-01
-5.629993677139282227e-01,1.161363571882247925e-01,-1.012498736381530762e+00,-5.195666551589965820e-01,-4.283480346202850342e-01,-5.812301635742187500e-01,-5.955500006675720215e-01,-5.718111991882324219e-01,-8.539755642414093018e-02,-3.898419737815856934e-01,1.369992494583129883e-01,-2.557937800884246826e-01,-3.193983733654022217e-01,-1.436352133750915527e-01
-6.225528120994567871e-01,4.957198798656463623e-01,-8.162138462066650391e-01,5.884160473942756653e-02,4.088598489761352539e-01,-2.463480681180953979e-01,-1.153468713164329529e-01,-4.267102479934692383e-01,3.479143083095550537e-01,-1.178612038493156433e-01,1.801706999540328979e-01,4.125995561480522156e-02,9.846050292253494263e-02,-6.510781496763229370e-02
-2.111658602952957153e-01,4.544352591037750244e-01,-2.771864235401153564e-01,4.674130678176879883e-01,4.568888247013092041e-01,5.784099921584129333e-03,1.009837016463279724e-01,-1.246532872319221497e-01,3.800704479217529297e-01,-1.866258531808853149e-01,4.209844470024108887e-01,3.777043819427490234e-01,3.834805488586425781e-01,4.452546536922454834e-01
2.916225194931030273e-01,4.707752168178558350e-01,1.638440191745758057e-01,7.106652855873107910e-01,9.855303764343261719e-01,3.168605566024780273e-01,6.542544960975646973e-01,-9.808133542537689209e-02,4.536167085170745850e-01,-1.322608590126037598e-01,4.562981724739074707e-01,5.416246056556701660e-01,7.242732048034667969e-01,6.421691179275512695e-01
4.539298415184020996e-01,3.456544876098632812e-01,6.732030510902404785e-01,7.214658856391906738e-01,9.413115382194519043e-01,5.430811643600463867e-01,6.367372274398803711e-01,2.992978133261203766e-02,6.056340336799621582e-01,6.756409257650375366e-02,3.282812237739562988e-01,6.972733139991760254e-01,7.833565473556518555e-01,4.413236379623413086e-01
5.822774767875671387e-01,9.683567285537719727e-02,8.996136784553527832e-01,6.257657408714294434e-01,8.815332651138305664e-01,5.122998356819152832e-01,8.247199654579162598e-01,2.521999776363372803e-01,5.172297954559326172e-01,2.450610399246215820e-01,1.894221156835556030e-01,7.731803655624389648e-01,8.857171535491943359e-01,5.511572360992431641e-01
5.989673137664794922e-01,4.594691395759582520e-01,1.169260025024414062e+00,6.529327630996704102e-01,8.788514733314514160e-01,9.883269071578979492e-01,6.619681715965270996e-01,4.192411899566650391e-01,1.488223820924758911e-01,5.102591514587402344e-01,3.784196376800537109e-01,5.997918248176574707e-01,8.085380196571350098e-01,5.089868903160095215e-01
5.989317893981933594e-01,1.145385727286338806e-01,1.093612194061279297e+00,4.849431216716766357e-01,5.173270702362060547e-01,6.905058622360229492e-01,5.646914243698120117e-01,4.594457149505615234e-01,1.962769776582717896e-01,6.526095271110534668e-01,3.720562458038330078e-01,3.860184848308563232e-01,4.324169158935546875e-01,4.923391938209533691e-01
4.624792635440826416e-01,7.363113760948181152e-02,1.036147832870483398e+00,2.300434559583663940e-01,7.503261417150497437e-02,5.508356690406799316e-01,2.574207484722137451e-01,6.488774418830871582e-01,-2.180496454238891602e-01,8.518258333206176758e-01,2.627553939819335938e-01,3.454223275184631348e-01,1.048991233110427856e-01,1.821288615465164185e-01
3.230477571487426758e-01,1.909247972071170807e-02,8.401610851287841797e-01,1.703040152788162231e-01,-5.937216058373451233e-02,9.048479050397872925e-02,2.568411529064178467e-01,8.982716202735900879e-01,-3.342134654521942139e-01,9.528941512107849121e-01,3.968440890312194824e-01,-3.586112558841705322e-01,-9.415269643068313599e-02,1.039506122469902039e-01
2.607063651084899902e-01,8.519796282052993774e-02,8.146431446075439453e-01,1.249215081334114075e-01,-2.761782109737396240e-01,-1.003352329134941101e-01,-5.765987560153007507e-02,1.053318858146667480e+00,-4.673644006252288818e-01,1.127711296081542969e+00,3.718142211437225342e-01,-1.124343127012252808e-01,-4.194946885108947754e-01,1.535589694976806641e-01
1.331382989883422852e-01,-1.825480312108993530e-01,4.109995663166046143e-01,-5.140686407685279846e-02,-2.991835772991180420e-01,-1.611145138740539551e-01,-9.090530127286911011e-02,1.140081882476806641e+00,-5.454129576683044434e-01,9.660935401916503906e-01,2.512479424476623535e-01,-6.382222771644592285e-01,-4.642471075057983398e-01,1.365901231765747070e-01
-1.811832785606384277e-01,-3.988040089607238770e-01,-2.125186286866664886e-02,-1.627993583679199219e-02,-3.450053930282592773e-01,-3.147052228450775146e-01,-2.765814661979675293e-01,1.021129846572875977e+00,-4.423606693744659424e-01,5.806596875190734863e-01,-1.755539923906326294e-01,-4.817374646663665771e-01,-5.541494488716125488e-01,-3.145554661750793457e-02
-1.292076557874679565e-01,-4.830191731452941895e-01,-1.439127177000045776e-01,-1.147827878594398499e-01,-4.376425147056579590e-01,-5.555388331413269043e-01,-1.087023764848709106e-01,9.587498307228088379e-01,-5.718896389007568359e-01,2.293760478496551514e-01,-2.643744945526123047e-01,-5.012978911399841309e-01,-5.147798657417297363e-01,-9.082838892936706543e-02
-1.610155999660491943e-01,-8.798030614852905273e-01,-1.429038345813751221e-01,-2.132377326488494873e-01,-4.371052384376525879e-01,-5.850778222084045410e-01,-2.148330211639404297e-01,4.260891973972320557e-01,-4.959009885787963867e-01,2.843488566577434540e-02,-8.791332840919494629e-01,-5.439079403877258301e-01,-4.263913631439208984e-01,2.772581949830055237e-02
-2.293960005044937134e-01,-9.519366025924682617e-01,-6.694511324167251587e-02,-1.610394418239593506e-01,-2.687760591506958008e-01,-5.983244776725769043e-01,-5.535493418574333191e-02,1.612093448638916016e-01,-3.881691396236419678e-01,-3.084826767444610596e-01,-6.777814626693725586e-01,-7.531982064247131348e-01,-2.721592783927917480e-01,-2.225667983293533325e-01
-2.930745482444763184e-01,-1.169615983963012695e+00,-2.531537115573883057e-01,-3.140379786491394043e-01,-3.639948964118957520e-01,-4.602682292461395264e-01,-3.956397175788879395e-01,-1.920400112867355347e-01,-4.568867683410644531e-01,-4.012757837772369385e-01,-9.100778102874755859e-01,-8.149836063385009766e-01,-2.272247821092605591e-01,-5.545380711555480957e-01
-2.118613570928573608e-01,-1.165409326553344727e+00,-1.817025840282440186e-01,-4.878776967525482178e-01,-4.474428594112396240e-01,-4.264999628067016602e-01,-3.500228524208068848e-01,-3.649107515811920166e-01,-2.988426387310028076e-01,-5.703185796737670898e-01,-9.140911102294921875e-01,-9.543266296386718750e-01,-1.271931976079940796e-01,-5.672540664672851562e-01
-3.079797327518463135e-01,-7.809318304061889648e-01,-2.641615569591522217e-01,-5.975050926208496094e-01,-5.259296894073486328e-01,-1.311352550983428955e-01,-3.081915676593780518e-01,-6.079524159431457520e-01,-4.240913987159729004e-01,-4.133760333061218262e-01,-8.770390748977661133e-01,-1.019085764884948730e+00,1.179578527808189392e-01,-5.660208463668823242e-01
-2.009804397821426392e-01,-2.338655292987823486e-01,-4.996975660324096680e-01,-5.883813500404357910e-01,-2.719066739082336426e-01,-1.332354396581649780e-01,-2.922820150852203369e-01,-5.124593973159790039e-01,-1.970086246728897095e-01,-4.748758971691131592e-01,-3.265280723571777344e-01,-9.913370013236999512e-01,2.658585906028747559e-01,-5.066056847572326660e-01
-4.467887878417968750e-01,1.219728738069534302e-01,-2.716476917266845703e-01,-4.893309772014617920e-01,-1.379920095205307007e-01,-1.282572001218795776e-01,-5.297439098358154297e-01,-6.876556277275085449e-01,-3.681804612278938293e-02,-3.101123273372650146e-01,-2.065006643533706665e-01,-7.088586091995239258e-01,3.298304080963134766e-01,-2.099957317113876343e-01
-2.501641809940338135e-01,6.942776441574096680e-01,-4.302247166633605957e-01,-2.389532774686813354e-01,1.472716927528381348e-01,1.345278508961200714e-02,-2.631517052650451660e-01,-5.074081420898437500e-01,2.068167477846145630e-01,-3.761613965034484863e-01,4.454398453235626221e-01,-5.852085947990417480e-01,4.092952907085418701e-01,1.738370396196842194e-02
-8.717468939721584320e-03,1.020749330520629883e+00,-5.076743364334106445e-01,1.685922145843505859e-01,4.357086122035980225e-01,2.035897821187973022e-01,-2.319923415780067444e-02,-2.960718572139739990e-01,6.672632098197937012e-01,-3.218103945255279541e-01,5.811561346054077148e-01,-3.062107861042022705e-01,4.950821101665496826e-01,2.841472327709197998e-01
-8.810894191265106201e-02,1.413776278495788574e+00,-5.701687932014465332e-01,6.032369136810302734e-01,8.338482379913330078e-01,2.505163252353668213e-01,3.532691299915313721e-01,-4.758622944355010986e-01,1.035691499710083008e+00,-2.345626354217529297e-01,8.670934438705444336e-01,1.001098081469535828e-01,8.173077702522277832e-01,4.724978208541870117e-01
7.599668204784393311e-02,1.312873959541320801e+00,-2.225439995527267456e-01,6.305965185165405273e-01,1.162711739540100098e+00,4.743359684944152832e-01,5.033273100852966309e-01,-3.727751672267913818e-01,1.207025527954101562e+00,-2.698899209499359131e-01,1.014223456382751465e+00,6.700295805931091309e-01,5.301730036735534668e-01,8.277330398559570312e-01
4.615824818611145020e-01,1.276660919189453125e+00,3.560391440987586975e-02,1.105567932128906250e+00,1.208416938781738281e+00,7.143624424934387207e-01,8.606488108634948730e-01,-4.976578950881958008e-01,1.294652342796325684e+00,-4.351552724838256836e-01,8.715869784355163574e-01,1.100214123725891113e+00,7.754170298576354980e-01,9.815261960029602051e-01
5.251954793930053711e-01,1.333054661750793457e+00,2.823242545127868652e-01,1.018901348114013672e+00,1.394158959388732910e+00,7.698162198066711426e-01,1.165230035781860352e+00,-3.640542626380920410e-01,1.534199118614196777e+00,-1.648407876491546631e-01,1.060299396514892578e+00,1.222542524337768555e+00,9.856603741645812988e-01,7.442102432250976562e-01
6.870001554489135742e-01,1.287865638732910156e+00,5.551052689552307129e-01,9.196321964263916016e-01,1.325346589088439941e+00,9.499811530113220215e-01,1.163826465606689453e+00,-2.729929685592651367e-01,1.407930731773376465e+00,2.674608491361141205e-02,8.489982485771179199e-01,1.575453758239746094e+00,9.076238870620727539e-01,8.049574494361877441e-01
8.353723883628845215e-01,1.138291597366333008e+00,1.023343443870544434e+00,8.545401692390441895e-01,9.063248634338378906e-01,1.215060591697692871e+00,1.285609364509582520e+00,-2.609200477600097656e-01,1.218178033828735352e+00,3.045529723167419434e-01,8.495486378669738770e-01,1.450835585594177246e+00,7.714277505874633789e-01,5.717806220054626465e-01
1.013520717620849609e+00,9.495245218276977539e-01,9.146071672439575195e-01,7.561020851135253906e-01,4.255989789962768555e-01,1.323307156562805176e+00,1.120038866996765137e+00,-1.027953624725341797e-02,7.895236611366271973e-01,5.885576009750366211e-01,9.331495761871337891e-01,1.567841887474060059e+00,6.494440436363220215e-01,2.136918455362319946e-01
8.013670444488525391e-01,9.459174275398254395e-01,1.118162751197814941e+00,4.204137623310089111e-02,8.834984898567199707e-02,1.194947719573974609e+00,6.687754392623901367e-01,2.252228371798992157e-02,2.365277111530303955e-01,7.592416405677795410e-01,9.262263774871826172e-01,1.637658476829528809e+00,1.859215795993804932e-01,1.563436388969421387e-01
6.938307881355285645e-01,8.104121088981628418e-01,8.764625787734985352e-01,-1.089306771755218506e-01,-4.112109541893005371e-01,1.110590100288391113e+00,4.588195979595184326e-01,5.301316976547241211e-01,-9.190446138381958008e-02,8.623180389404296875e-01,6.972128152847290039e-01,1.093218445777893066e+00,-3.866621553897857666e-01,-2.608355879783630371e-01
3.899774849414825439e-01,3.686011731624603271e-01,8.121770024299621582e-01,-4.108377397060394287e-01,-1.046236276626586914e+00,6.769273281097412109e-01,-1.321366876363754272e-01,6.178649663925170898e-01,-2.658621966838836670e-01,7.492467761039733887e-01,3.154266178607940674e-01,8.279031515121459961e-01,-6.726435422897338867e-01,-2.480454444885253906e-01
-2.695811539888381958e-02,3.626753389835357666e-02,4.555715322494506836e-01,-6.529279351234436035e-01,-1.577981114387512207e+00,1.960486918687820435e-01,-1.762473434209823608e-01,7.781819105148315430e-01,-7.359112501144409180e-01,3.732535541057586670e-01,3.981280028820037842e-01,5.028992295265197754e-01,-1.130413413047790527e+00,-4.169961512088775635e-01
-1.192085891962051392e-01,-3.585793077945709229e-01,3.925783187150955200e-02,-6.296417117118835449e-01,-1.610470652580261230e+00,-3.259320557117462158e-01,-4.657570421695709229e-01,5.548127293586730957e-01,-7.256963849067687988e-01,1.584095805883407593e-01,-1.091807112097740173e-01,2.623757421970367432e-01,-1.445815086364746094e+00,-4.927877485752105713e-01
-5.011255145072937012e-01,-1.018187642097473145e+00,-5.906250476837158203e-01,-7.680553197860717773e-01,-1.467947006225585938e+00,-7.805251479148864746e-01,-9.830567836761474609e-01,5.640546083450317383e-01,-9.298374652862548828e-01,-1.146945431828498840e-01,-6.116430163383483887e-01,9.200110286474227905e-02,-1.656022906303405762e+00,-6.641244888305664062e-01
-9.071063995361328125e-01,-1.558015823364257812e+00,-9.930573105812072754e-01,-8.196531534194946289e-01,-1.461086153984069824e+00,-1.103944063186645508e+00,-8.989772200584411621e-01,2.883901596069335938e-01,-9.019267559051513672e-01,-3.215239048004150391e-01,-1.090473413467407227e+00,-8.770308643579483032e-02,-1.695804834365844727e+00,-6.590550541877746582e-01
-9.410427808761596680e-01,-1.776898860931396484e+00,-1.068851947784423828e+00,-8.714641928672790527e-01,-1.368421435356140137e+00,-1.251819610595703125e+00,-1.217545390129089355e+00,8.647967129945755005e-02,-8.455470800399780273e-01,-4.168681204319000244e-01,-1.399523735046386719e+00,-3.034649789333343506e-01,-1.489840030670166016e+00,-8.923497200012207031e-01
-1.145750761032104492e+00,-1.904654860496520996e+00,-1.289844036102294922e+00,-9.527713060379028320e-01,-9.801721572875976562e-01,-1.517507672309875488e+00,-1.201248168945312500e+00,-7.855731993913650513e-02,-8.768736720085144043e-01,-5.016714930534362793e-01,-1.796016097068786621e+00,-6.339677572250366211e-01,-1.209611058235168457e+00,-1.218922734260559082e+00
-8.825235962867736816e-01,-1.870357155799865723e+00,-1.325038671493530273e+00,-9.655494093894958496e-01,-1.040220737457275391e+00,-1.564538002014160156e+00,-1.150231957435607910e+00,-4.021385908126831055e-01,-1.002993345260620117e+00,-5.781174898147583008e-01,-1.727925181388854980e+00,-6.365068554878234863e-01,-9.191651344299316406e-01,-1.067193865776062012e+00
-1.081049084663391113e+00,-1.602897644042968750e+00,-1.143096804618835449e+00,-1.073319792747497559e+00,-6.622581481933593750e-01,-1.428690791130065918e+00,-1.226957440376281738e+00,-4.096181690692901611e-01,-9.027020335197448730e-01,-5.553073883056640625e-01,-1.529313683509826660e+00,-6.991414427757263184e-01,-6.294623017311096191e-01,-1.027446627616882324e+00
-9.873084425926208496e-01,-1.194207310676574707e+00,-1.040340185165405273e+00,-8.661029934883117676e-01,-5.750057101249694824e-01,-1.075899481773376465e+00,-1.312161207199096680e+00,-5.962846279144287109e-01,-9.232122302055358887e-01,-3.260762393474578857e-01,-1.364451289176940918e+00,-9.429097175598144531e-01,-1.560955494642257690e-01,-9.298144578933715820e-01
-7.937521934509277344e-01,-7.503575086593627930e-01,-7.872489094734191895e-01,-7.460907101631164551e-01,-6.486243754625320435e-02,-9.991716742515563965e-01,-1.204838514328002930e+00,-5.117018818855285645e-01,-7.519100904464721680e-01,-5.550360679626464844e-01,-9.817735552787780762e-01,-1.158740520477294922e+00,1.770794689655303955e-01,-6.529089212417602539e-01
-6.424572467803955078e-01,-3.270097970962524414e-01,-6.848179697990417480e-01,-4.985998868942260742e-01,-1.063296198844909668e-01,-8.010811805725097656e-01,-1.015464901924133301e+00,-4.213336408138275146e-01,-4.541243314743041992e-01,-5.282467007637023926e-01,-6.326406598091125488e-01,-1.183414936065673828e+00,3.521802723407745361e-01,-4.300591945648193359e-01
-5.505805611610412598e-01,-8.996006846427917480e-02,-5.234987139701843262e-01,-1.542764008045196533e-01,3.577709794044494629e-01,-4.725223183631896973e-01,-8.709781765937805176e-01,-3.697336316108703613e-01,-4.043803215026855469e-01,-6.390181779861450195e-01,-2.127742171287536621e-01,-1.170485973358154297e+00,7.731552720069885254e-01,1.332568004727363586e-02
-4.064797461032867432e-01,1.904327571392059326e-01,-3.033627867698669434e-01,3.199799656867980957e-01,5.869784355163574219e-01,-4.755396544933319092e-01,-4.036432504653930664e-01,-1.799862384796142578e-01,1.660058498382568359e-01,-4.816548228263854980e-01,9.997259825468063354e-02,-1.077562093734741211e+00,7.313598394393920898e-01,5.138826966285705566e-01
-7.250296324491500854e-02,1.938683092594146729e-01,-1.216965690255165100e-01,7.249705195426940918e-01,1.397933006286621094e+00,-1.488921195268630981e-01,-9.523254632949829102e-02,-1.943880617618560791e-01,5.531334280967712402e-01,-4.532324075698852539e-01,3.466503322124481201e-02,-7.234609723091125488e-01,8.829332590103149414e-01,1.127705454826354980e+00
7.565163075923919678e-03,4.822483360767364502e-01,-1.538743525743484497e-01,1.201657533645629883e+00,1.779625415802001953e+00,1.077076867222785950e-01,2.284930348396301270e-01,-5.021662116050720215e-01,8.075144290924072266e-01,-4.886903762817382812e-01,2.513580322265625000e-01,-3.511186540126800537e-01,9.369205236434936523e-01,1.086091756820678711e+00
2.918004393577575684e-01,4.479562044143676758e-01,3.179802894592285156e-01,1.601222991943359375e+00,1.995328664779663086e+00,3.307483196258544922e-01,7.713809013366699219e-01,-3.623422682285308838e-01,1.001710653305053711e+00,1.581849157810211182e-01,3.606612682342529297e-01,1.760082691907882690e-01,1.050135135650634766e+00,1.529968023300170898e+00
5.471295714378356934e-01,6.543398499488830566e-01,6.918097138404846191e-01,1.828207135200500488e+00,2.189638614654541016e+00,6.317281723022460938e-01,1.231800556182861328e+00,-2.057531625032424927e-01,9.716035127639770508e-01,3.650203347206115723e-01,6.441102623939514160e-01,4.499565064907073975e-01,1.084985613822937012e+00,1.380065679550170898e+00
6.085116863250732422e-01,7.106994986534118652e-01,9.993243217468261719e-01,1.690379619598388672e+00,1.951364636421203613e+00,7.620466351509094238e-01,1.557289242744445801e+00,5.893326923251152039e-02,9.089745879173278809e-01,8.254430294036865234e-01,9.219573736190795898e-01,6.428629755973815918e-01,1.288087368011474609e+00,1.363570451736450195e+00
1.193019866943359375e+00,9.226585030555725098e-01,1.183905005455017090e+00,1.510340452194213867e+00,1.554152250289916992e+00,9.714802503585815430e-01,1.745175123214721680e+00,1.718449145555496216e-01,7.744019031524658203e-01,9.720333218574523926e-01,1.266766905784606934e+00,6.559993624687194824e-01,1.136166572570800781e+00,1.043518781661987305e+00
1.342485070228576660e+00,1.067824840545654297e+00,1.603074073791503906e+00,1.235586166381835938e+00,1.355396270751953125e+00,1.196882128715515137e+00,1.592263460159301758e+00,5.732748508453369141e-01,7.665383219718933105e-01,1.210926771163940430e+00,1.215275049209594727e+00,8.559470772743225098e-01,7.477126717567443848e-01,9.426796436309814453e-01
1.236011505126953125e+00,1.040878891944885254e+00,1.816504120826721191e+00,8.206608295440673828e-01,5.370285511016845703e-01,1.379603028297424316e+00,1.663826465606689453e+00,7.639613151550292969e-01,3.222111165523529053e-01,1.208319902420043945e+00,1.532683372497558594e+00,6.339282989501953125e-01,6.780629754066467285e-01,4.016231000423431396e-01
1.429733037948608398e+00,9.773584008216857910e-01,1.832338452339172363e+00,3.738892674446105957e-01,5.151343345642089844e-02,1.261743783950805664e+00,1.325464367866516113e+00,8.418794274330139160e-01,9.739164263010025024e-02,9.886099696159362793e-01,1.437720179557800293e+00,3.910351097583770752e-01,2.540363669395446777e-01,4.578668177127838135e-01
1.324280619621276855e+00,5.265802145004272461e-01,1.903236627578735352e+00,9.797723591327667236e-02,-5.255216956138610840e-01,1.131969809532165527e+00,8.617281317710876465e-01,1.425546646118164062e+00,-2.752444744110107422e-01,1.015853881835937500e+00,1.061617493629455566e+00,5.679910257458686829e-02,-1.744019836187362671e-01,1.493595838546752930e-01
1.217733383178710938e+00,2.629476487636566162e-01,1.773486018180847168e+00,-3.136092051863670349e-02,-1.008517146110534668e+00,1.213153481483459473e+00,4.679847061634063721e-01,1.168807148933410645e+00,-4.546283781528472900e-01,7.515752315521240234e-01,7.627587914466857910e-01,-9.216417372226715088e-02,-4.880347549915313721e-01,-1.727812923491001129e-02
8.115461468696594238e-01,-2.355916649103164673e-01,1.155229330062866211e+00,-2.137767076492309570e-01,-1.230593681335449219e+00,9.279769659042358398e-01,1.093299761414527893e-01,1.050286531448364258e+00,-2.739503979682922363e-01,5.088435411453247070e-01,3.508917391300201416e-01,-2.646531760692596436e-01,-9.773231148719787598e-01,-1.161736622452735901e-01
3.394087255001068115e-01,-8.157615065574645996e-01,8.103832006454467773e-01,-6.468232870101928711e-01,-1.395850181579589844e+00,2.946216464042663574e-01,-1.117336452007293701e-01,7.724111080169677734e-01,-2.998316287994384766e-01,5.904840826988220215e-01,-1.265035271644592285e-01,-3.588084578514099121e-01,-1.178899288177490234e+00,-2.928257584571838379e-01
-2.029022872447967529e-01,-8.134242892265319824e-01,9.942622482776641846e-02,-6.164964437484741211e-01,-1.359339237213134766e+00,-2.153112590312957764e-01,-2.266514599323272705e-01,5.814177989959716797e-01,-4.302684962749481201e-01,3.827159106731414795e-01,-5.113547444343566895e-01,-3.125988245010375977e-01,-1.327446460723876953e+00,-4.936480522155761719e-01
-5.773570537567138672e-01,-6.494401693344116211e-01,-5.618183612823486328e-01,-1.054349064826965332e+00,-1.178213357925415039e+00,-4.493424296379089355e-01,-5.748696923255920410e-01,3.098452389240264893e-01,-1.166856884956359863e-01,1.911960691213607788e-01,-5.867330431938171387e-01,-4.007004797458648682e-01,-1.100399017333984375e+00,-8.018687963485717773e-01
-5.472103357315063477e-01,-7.045634984970092773e-01,-1.066759586334228516e+00,-1.005941152572631836e+00,-1.287678122520446777e+00,-8.589775562286376953e-01,-5.192524194717407227e-01,1.020200848579406738e-01,8.629358559846878052e-02,7.215342670679092407e-02,-8.448824882507324219e-01,-4.947075843811035156e-01,-9.791545867919921875e-01,-1.066352844238281250e+00
-9.201736450195312500e-01,-4.742066860198974609e-01,-1.477411150932312012e+00,-1.161872744560241699e+00,-7.302871346473693848e-01,-8.740289211273193359e-01,-6.781601309776306152e-01,-1.887990236282348633e-01,1.392335444688796997e-02,-2.243937104940414429e-01,-6.844515800476074219e-01,-4.471646845340728760e-01,-6.461935639381408691e-01,-1.194463729858398438e+00
-9.742167592048645020e-01,1.100460812449455261e-02,-1.585821628570556641e+00,-1.456787824630737305e+00,-7.666368484497070312e-01,-7.782818675041198730e-01,-7.574874758720397949e-01,-1.737496256828308105e-01,-7.538422942161560059e-02,-4.762634932994842529e-01,-4.086526930332183838e-01,-3.937066197395324707e-01,-4.704643487930297852e-01,-1.101114869117736816e+00
-1.101703882217407227e+00,1.710979938507080078e-01,-1.646647572517395020e+00,-1.367184400558471680e+00,-6.035540699958801270e-01,-1.131881594657897949e+00,-1.028321027755737305e+00,-3.645789325237274170e-01,-2.143103480339050293e-01,-7.510039210319519043e-01,-6.467278599739074707e-01,-6.259315013885498047e-01,7.472009956836700439e-02,-1.389962673187255859e+00
-9.026170969009399414e-01,4.012373089790344238e-01,-1.561867594718933105e+00,-1.361836791038513184e+00,-3.496846854686737061e-01,-8.356592059135437012e-01,-7.806401252746582031e-01,-4.630696475505828857e-01,-6.571175158023834229e-02,-1.157837390899658203e+00,-3.967704772949218750e-01,-4.348023533821105957e-01,1.532047837972640991e-01,-9.334782958030700684e-01
-8.029285669326782227e-01,4.269804060459136963e-01,-1.483140110969543457e+00,-1.108020186424255371e+00,-2.224346250295639038e-01,-3.936868309974670410e-01,-9.861287474632263184e-01,-7.941831946372985840e-01,1.734804511070251465e-01,-1.611227273941040039e+00,-2.771902382373809814e-01,-3.777934014797210693e-01,4.562114179134368896e-01,-7.396146059036254883e-01
-6.543190479278564453e-01,4.408844113349914551e-01,-1.346524119377136230e+00,-6.892024874687194824e-01,-1.855262070894241333e-01,-1.456220895051956177e-01,-1.083442211151123047e+00,-9.310336709022521973e-01,9.547224640846252441e-02,-1.581670880317687988e+00,-2.426521480083465576e-01,-2.736502289772033691e-01,5.674105286598205566e-01,-2.277785688638687134e-01
-6.638379693031311035e-01,3.933937549591064453e-01,-1.200313448905944824e+00,-3.466844558715820312e-01,4.467617571353912354e-01,-5.416101962327957153e-02,-9.416083693504333496e-01,-1.192003130912780762e+00,3.377502560615539551e-01,-1.302232146263122559e+00,-3.818734884262084961e-01,-1.869812160730361938e-01,5.924177765846252441e-01,1.614463478326797485e-01
-5.816646814346313477e-01,3.873274326324462891e-01,-1.043313980102539062e+00,2.072917073965072632e-01,5.421140193939208984e-01,9.676425158977508545e-02,-7.256414294242858887e-01,-1.478554368019104004e+00,5.561760663986206055e-01,-1.243309497833251953e+00,-1.988408118486404419e-01,1.083061993122100830e-01,3.790085613727569580e-01,1.163405105471611023e-01
-7.448601722717285156e-01,4.251357913017272949e-01,-5.230213999748229980e-01,6.918563246726989746e-01,5.369761586189270020e-01,2.071556895971298218e-01,-4.755515158176422119e-01,-1.228677749633789062e+00,8.416148424148559570e-01,-7.453378438949584961e-01,-1.015784442424774170e-01,4.385530352592468262e-01,3.702667653560638428e-01,5.321230292320251465e-01
-3.874325454235076904e-01,5.674474835395812988e-01,-4.257844686508178711e-01,1.120565176010131836e+00,1.047342896461486816e+00,1.445753574371337891e-01,2.583548985421657562e-02,-1.518677234649658203e+00,6.971129179000854492e-01,-5.337799191474914551e-01,1.517102960497140884e-02,6.751637458801269531e-01,2.366749346256256104e-01,6.836004853248596191e-01
-3.360080718994140625e-01,6.417558193206787109e-01,-2.407967895269393921e-01,1.248790979385375977e+00,1.071807503700256348e+00,3.055316507816314697e-01,1.211534067988395691e-01,-1.348785042762756348e+00,6.980893611907958984e-01,-1.172270476818084717e-01,9.869896620512008667e-02,1.109290361404418945e+00,3.101243264973163605e-02,6.999567747116088867e-01
-1.086555346846580505e-01,8.332626223564147949e-01,1.179139688611030579e-01,1.053961157798767090e+00,1.149630427360534668e+00,9.438551962375640869e-02,5.965654253959655762e-01,-9.009480476379394531e-01,3.915354609489440918e-01,3.309113979339599609e-01,3.963835537433624268e-01,1.489346146583557129e+00,-3.891438990831375122e-02,4.511612057685852051e-01
6.290983408689498901e-02,5.635588169097900391e-01,8.209053426980972290e-02,1.072293996810913086e+00,9.511823058128356934e-01,2.247533649206161499e-01,6.555284857749938965e-01,-3.101130127906799316e-01,1.710720956325531006e-01,3.300891220569610596e-01,6.242222189903259277e-01,1.598246574401855469e+00,6.029450520873069763e-02,6.422260999679565430e-01
3.605892956256866455e-01,4.357553720474243164e-01,6.586741209030151367e-01,7.018808126449584961e-01,8.215463161468505859e-01,1.282927691936492920e-01,9.639633893966674805e-01,-1.182991489768028259e-01,-2.971478104591369629e-01,3.637668192386627197e-01,8.574986457824707031e-01,1.526497721672058105e+00,-1.726806461811065674e-01,5.339614748954772949e-01
5.787075757980346680e-01,-1.175408661365509033e-01,8.884343504905700684e-01,8.240613341331481934e-01,2.865104973316192627e-01,2.634294629096984863e-01,9.359181523323059082e-01,3.650953769683837891e-01,-4.422104954719543457e-01,6.426222920417785645e-01,6.213539242744445801e-01,1.359139204025268555e+00,-3.634547814726829529e-02,3.176329433917999268e-01
8.420574665069580078e-01,-4.801940023899078369e-01,1.554158568382263184e+00,5.743694901466369629e-01,-1.582664251327514648e-01,3.065151870250701904e-01,5.825161337852478027e-01,8.119022846221923828e-01,-1.024960041046142578e+00,7.290069460868835449e-01,2.604569196701049805e-01,1.338179588317871094e+00,-1.726493984460830688e-01,2.002783715724945068e-01
1.014421582221984863e+00,-9.575161337852478027e-01,1.645813345909118652e+00,2.709638476371765137e-01,-4.603542089462280273e-01,3.153749406337738037e-01,4.714044034481048584e-01,9.361019730567932129e-01,-1.263873815536499023e+00,8.560395836830139160e-01,-6.996595859527587891e-02,6.723511219024658203e-01,-2.246461808681488037e-01,2.392627149820327759e-01
9.306437373161315918e-01,-1.169260025024414062e+00,2.033920049667358398e+00,3.051426708698272705e-01,-6.823061108589172363e-01,1.844565123319625854e-01,1.007812246680259705e-01,1.118635058403015137e+00,-1.255715250968933105e+00,1.173320531845092773e+00,-3.111928105354309082e-01,1.609634608030319214e-01,-4.143125414848327637e-01,2.933098077774047852e-01
8.523483276367187500e-01,-1.542891144752502441e+00,1.845108985900878906e+00,-3.796005249023437500e-02,-8.966035842895507812e-01,-9.291761368513107300e-02,1.484699361026287079e-02,1.123929381370544434e+00,-1.289469480514526367e+00,1.370007753372192383e+00,-7.980123162269592285e-01,-1.219124197959899902e-01,-6.677739620208740234e-01,1.010152250528335571e-01
5.812991261482238770e-01,-1.757169246673583984e+00,1.542178273200988770e+00,-1.176587045192718506e-01,-7.947080731391906738e-01,-3.825221061706542969e-01,-4.795927405357360840e-01,1.151208281517028809e+00,-1.173481106758117676e+00,1.344985365867614746e+00,-9.565387368202209473e-01,-3.667559325695037842e-01,-6.867924928665161133e-01,-8.921124786138534546e-02
4.539227485656738281e-01,-1.802386045455932617e+00,1.360489487648010254e+00,-7.050482183694839478e-02,-5.617228746414184570e-01,-5.328974127769470215e-01,-4.895960092544555664e-01,1.177279829978942871e+00,-9.376689195632934570e-01,1.348807692527770996e+00,-8.901295065879821777e-01,-4.402880966663360596e-01,-5.418384075164794922e-01,6.533659179694950581e-04
-2.024301284109242260e-05,-1.331559777259826660e+00,7.263535857200622559e-01,-2.121487408876419067e-01,-4.568526744842529297e-01,-7.609488964080810547e-01,-5.385596156120300293e-01,1.284851670265197754e+00,-6.428978443145751953e-01,1.266696810722351074e+00,-9.021268486976623535e-01,-6.706668138504028320e-01,-3.036524951457977295e-01,-4.109866917133331299e-01
-1.602796316146850586e-01,-9.712808728218078613e-01,3.548983931541442871e-01,-2.814810872077941895e-01,8.569830656051635742e-02,-8.465946912765502930e-01,-4.200285971164703369e-01,1.227105855941772461e+00,-5.562559962272644043e-01,8.044703006744384766e-01,-8.756205439567565918e-01,-9.859396815299987793e-01,-1.125755533576011658e-02,-6.252310276031494141e-01
-5.384274125099182129e-01,-6.262543797492980957e-01,-1.292646974325180054e-01,-3.240590393543243408e-01,1.318779885768890381e-01,-1.087529420852661133e+00,-3.037753999233245850e-01,1.117193341255187988e+00,-1.562859863042831421e-01,4.265200495719909668e-01,-6.204916834831237793e-01,-9.078878164291381836e-01,2.873429358005523682e-01,-6.922753453254699707e-01
-5.264909267425537109e-01,-3.490579128265380859e-01,-5.784001946449279785e-01,-6.688357591629028320e-01,4.555426239967346191e-01,-1.060121178627014160e+00,-1.585442423820495605e-01,1.077603459358215332e+00,-2.537410333752632141e-02,1.031582592986524105e-03,-5.807802677154541016e-01,-9.902907013893127441e-01,4.992504715919494629e-01,-6.923750638961791992e-01
-5.412871837615966797e-01,-1.381071507930755615e-01,-1.081293702125549316e+00,-5.040332078933715820e-01,7.370925545692443848e-01,-9.684560894966125488e-01,-1.238623186945915222e-01,8.695194125175476074e-01,1.750196367502212524e-01,-4.114620387554168701e-01,-2.132759690284729004e-01,-1.017503738403320312e+00,9.067044258117675781e-01,-7.547444701194763184e-01
-4.368429481983184814e-01,2.343922667205333710e-02,-1.148635387420654297e+00,-6.673313379287719727e-01,7.981056571006774902e-01,-7.267391085624694824e-01,-1.787638962268829346e-01,5.987607240676879883e-01,3.258452117443084717e-01,-7.429493069648742676e-01,-1.630883514881134033e-01,-1.326771736145019531e+00,1.252837896347045898e+00,-2.471588999032974243e-01
-3.023237586021423340e-01,2.493658810853958130e-01,-1.160934686660766602e+00,-3.510231673717498779e-01,4.142522215843200684e-01,-3.085093200206756592e-01,-1.348786801099777222e-02,1.426996439695358276e-01,3.793889582157135010e-01,-8.875925540924072266e-01,3.109825775027275085e-02,-1.260784506797790527e+00,1.404507279396057129e+00,-2.407856658101081848e-02
-1.320294737815856934e-01,5.593602061271667480e-01,-1.296140909194946289e+00,-1.073394194245338440e-01,7.246935367584228516e-01,9.512299299240112305e-02,-5.792488530278205872e-02,-2.325423061847686768e-01,8.492426872253417969e-01,-9.797248840332031250e-01,2.618512511253356934e-01,-1.366873502731323242e+00,1.238822937011718750e+00,4.414348006248474121e-01
-1.130299568176269531e-01,7.880773544311523438e-01,-1.024327158927917480e+00,1.753155738115310669e-01,6.485639810562133789e-01,5.417894721031188965e-01,-2.335839532315731049e-02,-6.661323308944702148e-01,8.216726183891296387e-01,-8.315697908401489258e-01,4.018057286739349365e-01,-1.263808488845825195e+00,1.302052974700927734e+00,5.242611765861511230e-01
-1.107813790440559387e-02,1.192713737487792969e+00,-8.320062160491943359e-01,2.848891913890838623e-01,4.716522693634033203e-01,9.413070678710937500e-01,1.502908617258071899e-01,-1.187625050544738770e+00,1.349568367004394531e+00,-9.508696794509887695e-01,6.539313197135925293e-01,-9.657384157180786133e-01,1.133102416992187500e+00,5.435739755630493164e-01
1.919790506362915039e-01,1.484965562820434570e+00,-5.653711557388305664e-01,5.441169738769531250e-01,6.021077632904052734e-01,9.954365491867065430e-01,4.584462940692901611e-01,-1.425232529640197754e+00,1.334940791130065918e+00,-7.618042826652526855e-01,8.622123003005981445e-01,-4.606643915176391602e-01,5.509643554687500000e-01,7.822293043136596680e-01
3.102061748504638672e-01,1.704632997512817383e+00,-2.355191111564636230e-01,9.462487101554870605e-01,6.068910956382751465e-01,1.482006430625915527e+00,6.411432623863220215e-01,-1.410749912261962891e+00,1.399114608764648438e+00,-9.273595213890075684e-01,1.131360173225402832e+00,-9.179426729679107666e-02,1.901977360248565674e-01,7.397637963294982910e-01
3.287639021873474121e-01,1.818504929542541504e+00,-2.611381411552429199e-01,8.716681003570556641e-01,3.255636394023895264e-01,1.303462982177734375e+00,8.804005384445190430e-01,-1.270523071289062500e+00,1.184837579727172852e+00,-1.070723056793212891e+00,1.707212567329406738e+00,3.261148333549499512e-01,-4.051030278205871582e-01,4.039220809936523438e-01
1.643317341804504395e-01,1.601868510246276855e+00,-3.120259642601013184e-01,5.611828565597534180e-01,2.259731441736221313e-01,1.269422888755798340e+00,9.999287128448486328e-01,-1.177265763282775879e+00,9.327147006988525391e-01,-1.138386607170104980e+00,1.603343486785888672e+00,7.450313568115234375e-01,-3.136161863803863525e-01,1.788922846317291260e-01
2.642478346824645996e-01,1.525248050689697266e+00,-9.077804535627365112e-02,5.578421950340270996e-01,-1.360846459865570068e-01,1.214063882827758789e+00,1.080701351165771484e+00,-1.262382745742797852e+00,4.835960268974304199e-01,-6.263322830200195312e-01,1.820116281509399414e+00,1.045592308044433594e+00,-5.398441553115844727e-01,-4.452859982848167419e-02
2.996492683887481689e-01,9.392824769020080566e-01,-1.396077573299407959e-01,1.768884062767028809e-01,-4.832357466220855713e-01,9.534561634063720703e-01,1.167711853981018066e+00,-7.308051586151123047e-01,1.095444858074188232e-01,-7.097043395042419434e-01,1.345471382141113281e+00,9.671432375907897949e-01,-1.104570031166076660e+00,-1.715309172868728638e-01
1.955792605876922607e-01,3.388938009738922119e-01,2.007508873939514160e-01,-2.747052907943725586e-01,-7.887387871742248535e-01,7.610402703285217285e-01,9.543111920356750488e-01,-6.653527021408081055e-01,-2.031669616699218750e-01,-2.759824395179748535e-01,7.718830704689025879e-01,1.076670050621032715e+00,-9.691511988639831543e-01,-3.669002652168273926e-01
3.095671236515045166e-01,-1.703285574913024902e-01,1.236674338579177856e-01,-2.960354983806610107e-01,-1.437326192855834961e+00,4.876648187637329102e-01,6.344442963600158691e-01,-3.482821285724639893e-01,-5.443747639656066895e-01,1.365543007850646973e-01,4.980671107769012451e-01,8.901923894882202148e-01,-1.277050375938415527e+00,-4.039564132690429688e-01
6.297864913940429688e-01,-6.509292721748352051e-01,3.662983477115631104e-01,-5.999656319618225098e-01,-1.822640895843505859e+00,3.091861009597778320e-01,1.857639700174331665e-01,-6.116647124290466309e-01,-8.565791845321655273e-01,6.805334687232971191e-01,3.153965622186660767e-02,6.570463180541992188e-01,-1.317053675651550293e+00,-3.708702623844146729e-01
6.141603589057922363e-01,-1.036922454833984375e+00,4.315498769283294678e-01,-8.024479150772094727e-01,-1.737840533256530762e+00,3.376843631267547607e-01,-3.388073742389678955e-01,-1.637613028287887573e-01,-9.792990684509277344e-01,6.645011901855468750e-01,-3.204006552696228027e-01,2.633558213710784912e-01,-1.033817887306213379e+00,-5.615276694297790527e-01
4.194446802139282227e-01,-8.011871576309204102e-01,4.564757049083709717e-01,-5.880990028381347656e-01,-1.872275829315185547e+00,-3.773040696978569031e-02,-6.503934860229492188e-01,-9.115027636289596558e-02,-8.440372943878173828e-01,8.341068029403686523e-01,-7.788984179496765137e-01,2.168345153331756592e-01,-9.526538252830505371e-01,-5.124176144599914551e-01
1.241524294018745422e-01,-8.993596434593200684e-01,7.809208631515502930e-01,-6.626656055450439453e-01,-1.489285826683044434e+00,-2.831386029720306396e-01,-8.827166557312011719e-01,3.440828323364257812e-01,-6.550374627113342285e-01,8.885685801506042480e-01,-1.018399238586425781e+00,6.399685144424438477e-02,-1.021007776260375977e+00,-5.690430402755737305e-01
3.937976900488138199e-03,-8.091458678245544434e-01,7.281666994094848633e-01,-6.612662076950073242e-01,-1.086915969848632812e+00,-4.266967475414276123e-01,-1.215476512908935547e+00,6.449603438377380371e-01,-6.215167045593261719e-01,6.693233847618103027e-01,-9.761601090431213379e-01,5.987628176808357239e-02,-9.532386660575866699e-01,-8.110082149505615234e-01
-2.670428156852722168e-01,-9.100604653358459473e-01,4.677741825580596924e-01,-5.400677323341369629e-01,-5.316466093063354492e-01,-8.857400417327880859e-01,-1.490653157234191895e+00,1.083987593650817871e+00,-4.603478908538818359e-01,6.215077638626098633e-01,-1.019221067428588867e+00,-2.466685175895690918e-01,-8.540115356445312500e-01,-8.413126468658447266e-01
-6.522221565246582031e-01,-5.416133403778076172e-01,1.734346002340316772e-01,-8.171039819717407227e-01,-1.359998621046543121e-02,-1.009866714477539062e+00,-1.553894996643066406e+00,1.186053872108459473e+00,-4.867853522300720215e-01,4.382801055908203125e-01,-1.195558428764343262e+00,-1.731591373682022095e-01,-2.801121771335601807e-01,-8.713679313659667969e-01
-8.414810299873352051e-01,-7.017200589179992676e-01,8.952105045318603516e-02,-5.314279794692993164e-01,4.676330685615539551e-01,-1.287301540374755859e+00,-1.360850930213928223e+00,1.557322144508361816e+00,-3.669652342796325684e-01,2.682040333747863770e-01,-1.355323791503906250e+00,-2.789726555347442627e-01,-7.842091470956802368e-02,-9.183716773986816406e-01
-1.162586450576782227e+00,-7.507586479187011719e-01,-4.008333981037139893e-01,-6.337513327598571777e-01,8.922078609466552734e-01,-1.366708040237426758e+00,-1.028406381607055664e+00,1.531784176826477051e+00,-3.154096603393554688e-01,2.467034161090850830e-01,-1.108047246932983398e+00,-3.037716746330261230e-01,3.165240287780761719e-01,-7.187475562095642090e-01
-1.168655753135681152e+00,-6.833360195159912109e-01,-7.473723888397216797e-01,-3.156241476535797119e-01,1.403777003288269043e+00,-1.492599725723266602e+00,-9.694755077362060547e-01,1.331261754035949707e+00,-6.851370632648468018e-02,2.809031903743743896e-01,-1.425476431846618652e+00,-2.301303148269653320e-01,8.312547802925109863e-01,-3.378900885581970215e-01
-1.146337866783142090e+00,-4.240571856498718262e-01,-8.238045573234558105e-01,-2.953254282474517822e-01,1.617826700210571289e+00,-1.514865994453430176e+00,-7.316234707832336426e-01,1.039296150207519531e+00,-4.939098656177520752e-02,1.994065046310424805e-01,-1.354496121406555176e+00,-3.415238559246063232e-01,1.045135974884033203e+00,-8.569010347127914429e-02
-1.003588557243347168e+00,-4.524210095405578613e-01,-1.028642654418945312e+00,1.619440168142318726e-01,1.538583397865295410e+00,-1.368956089019775391e+00,-4.372220039367675781e-01,8.897023200988769531e-01,6.733396649360656738e-02,1.981703639030456543e-01,-1.184508085250854492e+00,-2.628905475139617920e-01,1.489563226699829102e+00,3.390777409076690674e-01
-5.084383487701416016e-01,-9.397157281637191772e-02,-9.582951068878173828e-01,5.063840746879577637e-01,1.397292017936706543e+00,-1.202664256095886230e+00,-4.322875142097473145e-01,3.371434211730957031e-01,3.160453140735626221e-01,-1.243980880826711655e-02,-7.989102005958557129e-01,-6.256628781557083130e-02,1.583601832389831543e+00,1.085703134536743164e+00
-2.840552330017089844e-01,3.229790627956390381e-01,-7.440187931060791016e-01,7.329363822937011719e-01,1.424699664115905762e+00,-6.370069980621337891e-01,-2.423825114965438843e-01,2.041165828704833984e-01,4.898903071880340576e-01,-2.092743217945098877e-01,-4.486151635646820068e-01,-3.229875490069389343e-02,1.530534505844116211e+00,1.237247467041015625e+00
1.018856391310691833e-01,6.744434237480163574e-01,-4.863735437393188477e-01,1.406521916389465332e+00,1.232284069061279297e+00,-6.737237423658370972e-02,-8.096410334110260010e-02,-2.353230118751525879e-01,4.475270807743072510e-01,-4.995794594287872314e-01,-2.729584090411663055e-02,-1.950711905956268311e-01,1.402441859245300293e+00,1.376677274703979492e+00
4.281471669673919678e-01,6.617118120193481445e-01,5.391117301769554615e-04,1.538794279098510742e+00,1.255287408828735352e+00,2.928208112716674805e-01,3.111384510993957520e-01,-1.585968881845474243e-01,6.226909756660461426e-01,-7.014443278312683105e-01,5.709241628646850586e-01,3.287142515182495117e-01,1.005219936370849609e+00,1.291046023368835449e+00
6.175829172134399414e-01,7.855619788169860840e-01,3.189693391323089600e-01,1.568905591964721680e+00,1.216258525848388672e+00,7.583072185516357422e-01,5.262852907180786133e-01,-3.080479800701141357e-01,4.269911944866180420e-01,-6.305456757545471191e-01,9.439057111740112305e-01,5.042229294776916504e-01,7.110676169395446777e-01,1.363450169563293457e+00
1.035672426223754883e+00,7.744925022125244141e-01,7.098730802536010742e-01,1.454655766487121582e+00,8.289795517921447754e-01,9.563052058219909668e-01,1.241124749183654785e+00,-2.700406312942504883e-01,5.584544539451599121e-01,-8.093060255050659180e-01,1.410958170890808105e+00,6.962636113166809082e-01,3.886893689632415771e-01,1.133164048194885254e+00
8.814292550086975098e-01,4.442894160747528076e-01,9.431860446929931641e-01,1.180030584335327148e+00,7.508038282394409180e-01,1.071796417236328125e+00,1.403466105461120605e+00,-3.408357799053192139e-01,1.645801216363906860e-01,-5.176475644111633301e-01,1.442913532257080078e+00,1.080027461051940918e+00,-2.649143338203430176e-01,9.601125717163085938e-01
9.959598183631896973e-01,9.686696529388427734e-02,6.428533792495727539e-01,9.621760249137878418e-01,3.494610786437988281e-01,1.360572695732116699e+00,1.564691066741943359e+00,-4.484977722167968750e-01,-1.788557171821594238e-01,-2.439108192920684814e-01,1.349793076515197754e+00,1.281198859214782715e+00,-5.226866602897644043e-01,5.471984744071960449e-01
1.058790445327758789e+00,-4.214935302734375000e-01,1.076111674308776855e+00,4.267944693565368652e-01,-1.890784800052642822e-01,8.673409819602966309e-01,1.511712908744812012e+00,-7.219411730766296387e-01,-3.032044172286987305e-01,-4.953323677182197571e-02,1.219333410263061523e+00,1.285709261894226074e+00,-5.973972678184509277e-01,2.906174957752227783e-01
1.079892754554748535e+00,-6.138026714324951172e-01,7.521405220031738281e-01,2.546580135822296143e-01,-6.026225686073303223e-01,1.057107329368591309e+00,1.610584497451782227e+00,-8.183287978172302246e-01,-7.521628141403198242e-01,2.113624960184097290e-01,7.678399085998535156e-01,1.182135820388793945e+00,-7.393656373023986816e-01,6.144882738590240479e-02
1.007691979408264160e+00,-7.332888841629028320e-01,7.885539531707763672e-01,-2.665809392929077148e-01,-9.903192520141601562e-01,7.344468832015991211e-01,1.475028038024902344e+00,-8.435486555099487305e-01,-8.092584609985351562e-01,4.859538972377777100e-01,4.463497102260589600e-01,9.362899661064147949e-01,-7.417623400688171387e-01,-1.393653899431228638e-01
9.122418165206909180e-01,-6.955155134201049805e-01,5.909265279769897461e-01,-6.929104328155517578e-01,-1.653959512710571289e+00,7.880830168724060059e-01,1.241191267967224121e+00,-8.765316605567932129e-01,-9.884859323501586914e-01,4.870231747627258301e-01,3.238875865936279297e-01,4.914338290691375732e-01,-5.427086949348449707e-01,-1.835479736328125000e-01
1.068902254104614258e+00,-8.349591493606567383e-01,4.962810277938842773e-01,-7.100471854209899902e-01,-1.895663738250732422e+00,5.087200403213500977e-01,8.143964409828186035e-01,-7.535667419433593750e-01,-6.887111663818359375e-01,4.867604374885559082e-01,2.643694579601287842e-01,1.456153690814971924e-01,-5.674145817756652832e-01,-3.064287602901458740e-01
6.372153162956237793e-01,-6.205520033836364746e-01,6.041066050529479980e-01,-1.013400793075561523e+00,-1.923877596855163574e+00,2.329801470041275024e-01,9.556777775287628174e-02,-6.702706813812255859e-01,-5.941259264945983887e-01,4.531302154064178467e-01,1.169260442256927490e-01,-3.754458725452423096e-01,-7.291455268859863281e-01,-5.341573953628540039e-01
6.657299995422363281e-01,-4.034214913845062256e-01,3.941843807697296143e-01,-1.088374972343444824e+00,-1.657113671302795410e+00,5.259476974606513977e-02,-1.497262716293334961e-01,-3.622800111770629883e-01,-1.789220720529556274e-01,4.322479069232940674e-01,-1.515996456146240234e-01,-7.662270665168762207e-01,-3.900004029273986816e-01,-7.774438858032226562e-01
3.264771103858947754e-01,-2.770186066627502441e-01,4.827362000942230225e-01,-9.924529194831848145e-01,-1.381125330924987793e+00,4.602201655507087708e-02,-4.779183268547058105e-01,5.388014763593673706e-02,1.462593972682952881e-01,2.106855809688568115e-01,2.609451301395893097e-02,-7.915298342704772949e-01,-5.155020356178283691e-01,-1.110100150108337402e+00
2.023028731346130371e-01,-8.398146182298660278e-02,7.511961460113525391e-02,-9.160155057907104492e-01,-9.394596815109252930e-01,-1.399400681257247925e-01,-9.139860868453979492e-01,4.779712855815887451e-01,3.468784987926483154e-01,1.113438233733177185e-01,-2.449903786182403564e-01,-1.273107290267944336e+00,-8.996503055095672607e-02,-1.191781282424926758e+00
-1.565759629011154175e-01,-2.649682462215423584e-01,-8.209574967622756958e-02,-1.291841149330139160e+00,-6.404744982719421387e-01,-3.349406272172927856e-02,-8.958950042724609375e-01,7.334305047988891602e-01,6.767573356628417969e-01,-1.552996109239757061e-03,-2.437863498926162720e-01,-1.099128365516662598e+00,-1.584799736738204956e-01,-1.412364602088928223e+00
-3.844908773899078369e-01,1.534945517778396606e-01,-5.382100939750671387e-01,-1.375915765762329102e+00,1.449905782938003540e-01,-2.246156036853790283e-01,-9.199962019920349121e-01,6.387178897857666016e-01,9.231992959976196289e-01,3.054534196853637695e-01,-5.501298904418945312e-01,-1.181645035743713379e+00,-8.456560969352722168e-02,-1.488161802291870117e+00
-8.892736434936523438e-01,2.047187834978103638e-01,-4.654318094253540039e-01,-9.364865422248840332e-01,3.578050136566162109e-01,-3.320817649364471436e-01,-9.698397517204284668e-01,7.148295640945434570e-01,9.176170229911804199e-01,3.566617965698242188e-01,-5.595408678054809570e-01,-1.119649648666381836e+00,-1.179142594337463379e-01,-1.384099245071411133e+00
-1.207915425300598145e+00,3.896127939224243164e-01,-1.109674334526062012e+00,-9.415827393531799316e-01,6.423341035842895508e-01,-4.583177566528320312e-01,-1.044978141784667969e+00,4.758433997631072998e-01,7.947697043418884277e-01,2.474975436925888062e-01,-7.151319980621337891e-01,-1.168237209320068359e+00,-2.962485142052173615e-02,-8.665736913681030273e-01
-1.262903571128845215e+00,6.733843088150024414e-01,-1.513864278793334961e+00,-8.094632029533386230e-01,9.750539660453796387e-01,-5.283722877502441406e-01,-8.629843592643737793e-01,3.823800981044769287e-01,7.804785370826721191e-01,-1.666129380464553833e-01,-7.078850865364074707e-01,-1.179295778274536133e+00,2.882326245307922363e-01,-5.953040719032287598e-01
-1.387714505195617676e+00,1.176378130912780762e+00,-1.754635214805603027e+00,-4.284459948539733887e-01,9.367651939392089844e-01,-6.059713959693908691e-01,-7.880384922027587891e-01,3.453847467899322510e-01,6.542541980743408203e-01,-3.790806829929351807e-01,-3.887796700000762939e-01,-1.102414011955261230e+00,3.955836594104766846e-01,1.132184192538261414e-01
-1.578933119773864746e+00,1.326633572578430176e+00,-1.879106402397155762e+00,7.256099581718444824e-02,8.662604689598083496e-01,-5.346611142158508301e-01,-5.587581992149353027e-01,8.967491239309310913e-02,1.022969126701354980e+00,-5.953274965286254883e-01,-2.698057889938354492e-01,-9.344329237937927246e-01,6.673615574836730957e-01,4.250622391700744629e-01
-1.196434140205383301e+00,1.654568195343017578e+00,-1.780290603637695312e+00,4.975585043430328369e-01,7.282597422599792480e-01,-4.049383699893951416e-01,-6.122905611991882324e-01,1.467458009719848633e-01,7.917162179946899414e-01,-5.544873476028442383e-01,4.115433990955352783e-02,-1.062007308006286621e+00,5.410398244857788086e-01,7.303587198257446289e-01
-7.821784615516662598e-01,1.773440599441528320e+00,-1.685812830924987793e+00,1.204636693000793457e+00,6.199072599411010742e-01,-2.151862382888793945e-01,-5.032439231872558594e-01,-2.667287886142730713e-01,7.963070273399353027e-01,-1.046725511550903320e+00,5.350017547607421875e-01,-7.386305332183837891e-01,2.133669257164001465e-01,8.666695952415466309e-01
-6.463721394538879395e-01,1.486279368400573730e+00,-1.248748540878295898e+00,1.491281270980834961e+00,5.789663791656494141e-01,1.831406950950622559e-01,-2.671832442283630371e-01,2.052778303623199463e-01,6.029906868934631348e-01,-9.071137905120849609e-01,8.562671542167663574e-01,-4.559653401374816895e-01,2.205482274293899536e-01,9.727304577827453613e-01
-4.048410952091217041e-01,1.047934055328369141e+00,-7.352519035339355469e-01,1.500161647796630859e+00,4.315393269062042236e-01,4.865999221801757812e-01,-1.469590365886688232e-01,1.940595954656600952e-01,5.022087693214416504e-01,-8.910799622535705566e-01,7.918936610221862793e-01,4.999124631285667419e-02,-2.650701701641082764e-01,9.974788427352905273e-01
2.097839266061782837e-01,7.234930992126464844e-01,-2.238071113824844360e-01,1.749684572219848633e+00,5.243919491767883301e-01,5.884950160980224609e-01,-1.250331252813339233e-01,-4.454160854220390320e-02,2.671872377395629883e-01,-6.375225186347961426e-01,7.694147825241088867e-01,4.242382049560546875e-01,-4.380236268043518066e-01,7.083267569541931152e-01
4.379456639289855957e-01,2.251972407102584839e-01,5.221040844917297363e-01,1.456940650939941406e+00,3.928950428962707520e-01,8.075357079505920410e-01,2.989469766616821289e-01,-2.159602642059326172e-01,-3.305820524692535400e-01,-1.601714938879013062e-01,5.307809710502624512e-01,5.818282365798950195e-01,-6.543598771095275879e-01,7.036347389221191406e-01
6.070827245712280273e-01,-4.315140545368194580e-01,1.145480275154113770e+00,1.153832197189331055e+00,5.042521953582763672e-01,1.064686179161071777e+00,7.349655628204345703e-01,-2.281801402568817139e-01,-5.057311654090881348e-01,8.416831493377685547e-02,2.835231423377990723e-01,1.154230237007141113e+00,-9.633933305740356445e-01,6.083670854568481445e-01
4.906771183013916016e-01,-6.700285077095031738e-01,1.264205098152160645e+00,8.811776041984558105e-01,1.574846506118774414e-01,7.269089221954345703e-01,6.599343419075012207e-01,-4.655554294586181641e-01,-1.026419281959533691e+00,3.589244484901428223e-01,6.136787310242652893e-02,1.254993200302124023e+00,-9.498193264007568359e-01,5.576366782188415527e-01
6.412905454635620117e-01,-1.034407496452331543e+00,1.507824540138244629e+00,4.829249382019042969e-01,-1.704494059085845947e-01,4.985137879848480225e-01,8.417729735374450684e-01,-6.572333574295043945e-01,-1.288960576057434082e+00,2.879593074321746826e-01,-1.801777631044387817e-01,1.306043148040771484e+00,-8.410046696662902832e-01,4.345043599605560303e-01
8.777140974998474121e-01,-1.051793456077575684e+00,1.659878611564636230e+00,3.368664085865020752e-01,-4.184952378273010254e-01,1.812267452478408813e-01,8.711855411529541016e-01,-7.119828462600708008e-01,-1.331805229187011719e+00,4.678965508937835693e-01,-4.696472585201263428e-01,1.325700640678405762e+00,-7.632231116294860840e-01,1.336569041013717651e-01
7.141582965850830078e-01,-1.092355251312255859e+00,1.647846698760986328e+00,-3.568355459719896317e-04,-5.519790649414062500e-01,-1.542451679706573486e-01,8.017768263816833496e-01,-5.538167357444763184e-01,-1.662586688995361328e+00,6.096152067184448242e-01,-3.251360356807708740e-01,1.401735424995422363e+00,-4.061160981655120850e-01,3.366284966468811035e-01
6.335006952285766602e-01,-1.308150172233581543e+00,1.520829677581787109e+00,-1.664062440395355225e-01,-7.652674913406372070e-01,-5.062388777732849121e-01,4.990062713623046875e-01,-4.513821899890899658e-01,-1.182368040084838867e+00,6.050588488578796387e-01,-5.580892562866210938e-01,9.646133780479431152e-01,8.747921884059906006e-02,2.795245051383972168e-01
5.151004791259765625e-01,-1.368587851524353027e+00,1.268943786621093750e+00,-4.721865057945251465e-01,-7.473686337471008301e-01,-7.325390577316284180e-01,-6.591718643903732300e-02,6.637856364250183105e-03,-1.249375939369201660e+00,8.755854964256286621e-01,-7.180950045585632324e-01,3.726806640625000000e-01,3.646809458732604980e-01,-1.810067445039749146e-01
6.579795479774475098e-01,-1.179613828659057617e+00,1.302906274795532227e+00,-3.396319746971130371e-01,-6.310241818428039551e-01,-9.813083410263061523e-01,-1.836348026990890503e-01,2.156775742769241333e-01,-6.790297627449035645e-01,9.029051661491394043e-01,-7.354501485824584961e-01,1.986873149871826172e-01,5.546506643295288086e-01,-2.685981988906860352e-01
5.738142728805541992e-01,-1.253594756126403809e+00,1.043868660926818848e+00,-3.858543634414672852e-01,-4.162192046642303467e-01,-9.851211309432983398e-01,-6.215978860855102539e-01,3.758065700531005859e-01,-4.384132027626037598e-01,1.069002389907836914e+00,-8.485203385353088379e-01,-1.634466350078582764e-01,8.103146553039550781e-01,-4.304042458534240723e-01
5.372534394264221191e-01,-1.374677062034606934e+00,8.364861011505126953e-01,-5.137065052986145020e-01,-1.983230262994766235e-01,-1.067963242530822754e+00,-7.836667299270629883e-01,6.242491602897644043e-01,-2.180980592966079712e-01,1.307139039039611816e+00,-8.816638588905334473e-01,-1.394635718315839767e-02,1.081603527069091797e+00,-8.549505472183227539e-01
5.739358067512512207e-01,-1.372842431068420410e+00,6.635362505912780762e-01,-5.020877122879028320e-01,3.523360788822174072e-01,-7.509570121765136719e-01,-6.734202504158020020e-01,9.746885895729064941e-01,3.465084433555603027e-01,1.191943645477294922e+00,-1.196021914482116699e+00,-3.798683285713195801e-01,1.017943978309631348e+00,-8.532242774963378906e-01
2.459253072738647461e-01,-7.432795166969299316e-01,4.165570139884948730e-01,-8.527250289916992188e-01,8.099992275238037109e-01,-7.221429944038391113e-01,-5.845659375190734863e-01,8.741644024848937988e-01,2.747295796871185303e-01,8.166837096214294434e-01,-1.073423743247985840e+00,-3.020268380641937256e-01,1.086459755897521973e+00,-6.347163915634155273e-01
1.150072440505027771e-01,-5.531219840049743652e-01,-1.458613723516464233e-01,-1.038216829299926758e+00,1.033017873764038086e+00,-6.780589818954467773e-01,-2.848996520042419434e-01,9.390518665313720703e-01,4.746679663658142090e-01,6.659705638885498047e-01,-1.155462503433227539e+00,-3.700610995292663574e-01,8.658413887023925781e-01,-5.767277479171752930e-01
-3.773754239082336426e-01,-5.805130582302808762e-03,-3.295862078666687012e-01,-9.857484698295593262e-01,1.235347270965576172e+00,-4.943565428256988525e-01,-3.038353919982910156e-01,4.952181279659271240e-01,4.368103742599487305e-01,2.426984310150146484e-01,-8.363976478576660156e-01,-2.415001839399337769e-01,6.024944186210632324e-01,-5.161372423171997070e-01
-2.672519385814666748e-01,4.340501725673675537e-01,-7.103909254074096680e-01,-5.716291666030883789e-01,1.079319357872009277e+00,-1.735326498746871948e-01,-3.356676548719406128e-02,3.568179607391357422e-01,6.257610321044921875e-01,-4.780236259102821350e-02,-4.771994054317474365e-01,-3.502736389636993408e-01,7.070669531822204590e-01,-2.617324003949761391e-03
-7.652227282524108887e-01,9.243431091308593750e-01,-1.085489988327026367e+00,-4.975232779979705811e-01,9.123956561088562012e-01,-1.107537001371383667e-01,9.382940083742141724e-02,2.741283476352691650e-01,7.516676783561706543e-01,-7.268313169479370117e-01,1.803795844316482544e-01,-3.397423923015594482e-01,6.003600955009460449e-01,2.761747539043426514e-01
-7.677919268608093262e-01,1.454032301902770996e+00,-1.564915060997009277e+00,-1.954301595687866211e-01,6.094318628311157227e-01,-6.454081274569034576e-03,1.967325359582901001e-01,2.860137224197387695e-01,7.295786142349243164e-01,-9.053459167480468750e-01,6.214874386787414551e-01,-4.021834135055541992e-01,4.317646622657775879e-01,5.686833262443542480e-01
-8.995406031608581543e-01,1.385839939117431641e+00,-1.774057388305664062e+00,1.937466859817504883e-01,2.805397659540176392e-02,2.798312008380889893e-01,2.642678618431091309e-01,1.862178146839141846e-01,6.999830007553100586e-01,-1.004154682159423828e+00,1.121970891952514648e+00,-3.123445808887481689e-01,3.060626387596130371e-01,5.758456587791442871e-01
-7.725439667701721191e-01,1.406549215316772461e+00,-2.021973848342895508e+00,4.757637977600097656e-01,-3.228389918804168701e-01,3.851565122604370117e-01,3.795626759529113770e-01,5.255746841430664062e-02,1.077392458915710449e+00,-1.122155666351318359e+00,1.441053509712219238e+00,-2.829152941703796387e-01,3.895606845617294312e-02,5.504539012908935547e-01
-6.974944472312927246e-01,1.282688617706298828e+00,-1.896140933036804199e+00,8.836582303047180176e-01,-5.275746583938598633e-01,5.660710334777832031e-01,5.475049018859863281e-01,1.364136785268783569e-01,6.569868326187133789e-01,-1.079102635383605957e+00,1.514871954917907715e+00,-1.294763833284378052e-01,-2.782480418682098389e-01,4.398957490921020508e-01
-3.575398623943328857e-01,9.094975590705871582e-01,-1.754087090492248535e+00,9.680823683738708496e-01,-7.897754311561584473e-01,8.686576485633850098e-01,5.694406628608703613e-01,-1.055772528052330017e-01,5.634043216705322266e-01,-1.139700889587402344e+00,1.503962039947509766e+00,-8.006095886230468750e-02,-5.729901194572448730e-01,3.052082955837249756e-01
-9.121961146593093872e-02,6.458337306976318359e-01,-1.494787335395812988e+00,9.215378761291503906e-01,-9.405130147933959961e-01,1.027329802513122559e+00,8.225046396255493164e-01,-5.901260375976562500e-01,6.630130410194396973e-01,-1.004493832588195801e+00,1.468822121620178223e+00,2.250300943851470947e-01,-1.073743343353271484e+00,3.029631972312927246e-01
1.267639845609664917e-01,1.729804873466491699e-01,-1.175175786018371582e+00,5.703315138816833496e-01,-9.832611680030822754e-01,1.419485926628112793e+00,6.177640557289123535e-01,-9.391083121299743652e-01,2.085909992456436157e-01,-8.863189220428466797e-01,1.457233905792236328e+00,6.162617802619934082e-01,-1.297215938568115234e+00,-7.392158359289169312e-02
3.655592203140258789e-01,1.039751321077346802e-01,-5.096320509910583496e-01,5.377880334854125977e-01,-9.374135136604309082e-01,1.626686334609985352e+00,8.600559830665588379e-01,-1.115461587905883789e+00,1.601515337824821472e-02,-1.058308005332946777e+00,1.004156827926635742e+00,8.180828690528869629e-01,-1.453054428100585938e+00,-2.356294244527816772e-01
4.679656326770782471e-01,1.349897962063550949e-02,1.942501962184906006e-01,1.858535781502723694e-02,-9.684247970581054688e-01,1.535613417625427246e+00,7.974196076393127441e-01,-1.119057416915893555e+00,-1.991686671972274780e-01,-9.543733596801757812e-01,8.986494541168212891e-01,9.497687816619873047e-01,-1.567785024642944336e+00,-9.882809221744537354e-02
6.046992540359497070e-01,4.003704711794853210e-02,4.725301265716552734e-01,-2.552988231182098389e-01,-9.446787834167480469e-01,1.456620693206787109e+00,7.648916244506835938e-01,-1.575779914855957031e+00,-6.035621762275695801e-01,-8.928009271621704102e-01,7.540452480316162109e-01,9.332346916198730469e-01,-1.412948250770568848e+00,-1.599237471818923950e-01
3.672430515289306641e-01,-6.975535303354263306e-02,7.067953944206237793e-01,-3.750030100345611572e-01,-1.145641326904296875e+00,1.159759044647216797e+00,6.403157114982604980e-01,-1.229212284088134766e+00,-6.526727080345153809e-01,-4.924083352088928223e-01,6.021451950073242188e-01,5.858261585235595703e-01,-1.621968626976013184e+00,-4.409609138965606689e-01
2.431510090827941895e-01,-2.360202968120574951e-01,1.003503918647766113e+00,-4.582866132259368896e-01,-9.738643765449523926e-01,7.625325918197631836e-01,1.383482515811920166e-01,-1.140454769134521484e+00,-6.827179193496704102e-01,-1.872283220291137695e-02,3.101289570331573486e-01,3.960312902927398682e-01,-1.096871256828308105e+00,-3.967597782611846924e-01
2.447513937950134277e-01,-4.000816941261291504e-01,1.032243132591247559e+00,-7.468957304954528809e-01,-5.512348413467407227e-01,4.774144291877746582e-01,1.132157146930694580e-01,-7.054095864295959473e-01,-5.046710371971130371e-01,3.905400931835174561e-01,1.152821555733680725e-01,3.304251730442047119e-01,-6.967083215713500977e-01,-5.813279747962951660e-01
5.569106340408325195e-02,-5.777104496955871582e-01,1.247455596923828125e+00,-4.265204668045043945e-01,-8.135530948638916016e-01,-1.723053455352783203e-01,-4.533206522464752197e-01,-3.565551936626434326e-01,-3.407712578773498535e-01,7.002375125885009766e-01,-3.185780942440032959e-01,-4.430549442768096924e-01,1.073431372642517090e-01,-5.040899515151977539e-01
4.140295460820198059e-02,-5.097485184669494629e-01,1.203026533126831055e+00,-2.088953107595443726e-01,-3.416324257850646973e-01,-7.124010920524597168e-01,-7.015330195426940918e-01,4.707274213433265686e-02,-2.111280709505081177e-02,1.164644479751586914e+00,-8.065075278282165527e-01,-5.729002356529235840e-01,5.315093994140625000e-01,-7.505308389663696289e-01
-2.492133229970932007e-01,-7.569469809532165527e-01,9.923262000083923340e-01,-3.432644307613372803e-01,1.266338229179382324e-01,-1.100890755653381348e+00,-1.212027192115783691e+00,-1.685791648924350739e-02,1.241149082779884338e-01,1.290418624877929688e+00,-9.895678758621215820e-01,-7.115162611007690430e-01,7.738260626792907715e-01,-7.378934025764465332e-01
-2.231544107198715210e-01,-6.318649649620056152e-01,7.941149473190307617e-01,-3.139749169349670410e-01,5.784053206443786621e-01,-1.154420137405395508e+00,-1.742588639259338379e+00,3.635760247707366943e-01,3.696036934852600098e-01,1.394231081008911133e+00,-1.477378368377685547e+00,-1.242771387100219727e+00,8.493221402168273926e-01,-7.585019469261169434e-01
-2.569128274917602539e-01,-4.049117267131805420e-01,6.141875982284545898e-01,-2.706364989280700684e-01,1.182836413383483887e+00,-1.399798870086669922e+00,-1.860041260719299316e+00,7.287184596061706543e-01,5.319416522979736328e-01,1.308483600616455078e+00,-1.437481403350830078e+00,-1.108509302139282227e+00,1.252202033996582031e+00,-7.432919740676879883e-01
-4.056273698806762695e-01,-6.711645424365997314e-02,5.669326186180114746e-01,-1.198864057660102844e-01,1.735322475433349609e+00,-1.414832234382629395e+00,-1.615112781524658203e+00,5.867964625358581543e-01,5.555250048637390137e-01,1.400146365165710449e+00,-1.519094347953796387e+00,-1.179941892623901367e+00,1.163916468620300293e+00,-5.023528933525085449e-01
-4.374138712882995605e-01,3.695954382419586182e-01,5.312453508377075195e-01,-7.051891088485717773e-02,1.947827219963073730e+00,-1.091271400451660156e+00,-1.285710215568542480e+00,7.274721264839172363e-01,4.391099512577056885e-01,1.083618879318237305e+00,-1.609929680824279785e+00,-1.076007843017578125e+00,1.259357213973999023e+00,-1.942635476589202881e-01
-4.076859652996063232e-01,6.331382989883422852e-01,4.331650435924530029e-01,-7.887747883796691895e-02,1.987893104553222656e+00,-1.331986188888549805e+00,-1.134962916374206543e+00,1.035996794700622559e+00,3.569427430629730225e-01,8.145062923431396484e-01,-1.163682460784912109e+00,-1.054347157478332520e+00,8.300015330314636230e-01,2.533091604709625244e-01
-6.006290316581726074e-01,9.615412354469299316e-01,1.768914908170700073e-01,3.567720651626586914e-01,2.037019252777099609e+00,-9.731348752975463867e-01,-8.349562883377075195e-01,9.913094639778137207e-01,4.194920361042022705e-01,6.209921836853027344e-01,-7.284188270568847656e-01,-7.371703386306762695e-01,7.495071887969970703e-01,6.225053668022155762e-01
-6.035180687904357910e-01,9.894829988479614258e-01,6.277413666248321533e-02,5.407358407974243164e-01,1.777478456497192383e+00,-7.683938741683959961e-01,-4.075400531291961670e-01,1.375415325164794922e+00,7.840563356876373291e-02,5.136423707008361816e-01,-2.650235891342163086e-01,-9.079148173332214355e-01,8.348122835159301758e-01,9.765392541885375977e-01
-5.915586352348327637e-01,8.905615210533142090e-01,-1.450850814580917358e-01,7.771738171577453613e-01,1.264724969863891602e+00,-4.062383472919464111e-01,-2.575467824935913086e-01,1.390784740447998047e+00,5.810582637786865234e-02,2.936618626117706299e-01,-4.462793096899986267e-02,-5.937684774398803711e-01,6.178925037384033203e-01,1.201380491256713867e+00
-6.861364245414733887e-01,6.577061414718627930e-01,-5.177013874053955078e-01,1.135763645172119141e+00,9.307905435562133789e-01,-4.539645314216613770e-01,1.236322000622749329e-01,1.399217247962951660e+00,-2.858849167823791504e-01,3.328336402773857117e-02,-1.524911914020776749e-02,-4.603879153728485107e-01,5.280336141586303711e-01,1.328438639640808105e+00
-5.515448451042175293e-01,4.431977868080139160e-01,-6.274397373199462891e-01,1.215818881988525391e+00,3.871350586414337158e-01,-2.074967920780181885e-01,3.832486867904663086e-01,1.418119788169860840e+00,-2.825123667716979980e-01,-3.815278783440589905e-02,4.178875088691711426e-01,-1.707106679677963257e-01,5.245410203933715820e-01,1.329631090164184570e+00
-4.796691834926605225e-01,2.726318128407001495e-02,-1.082733988761901855e+00,1.316352605819702148e+00,-1.577322781085968018e-01,-2.102551050484180450e-02,3.991746604442596436e-01,9.764279723167419434e-01,-6.062559410929679871e-02,-3.158908486366271973e-01,4.189239144325256348e-01,-9.843339212238788605e-03,2.626355290412902832e-01,1.139437437057495117e+00
-1.123820319771766663e-01,-3.771432340145111084e-01,-1.045441150665283203e+00,1.129212856292724609e+00,-5.431025028228759766e-01,4.037744924426078796e-02,7.393582463264465332e-01,7.621973156929016113e-01,-3.597856760025024414e-01,-8.138810992240905762e-01,3.469025790691375732e-01,-7.033126312308013439e-04,-5.400521308183670044e-02,7.667748332023620605e-01
3.534130156040191650e-01,-5.491074323654174805e-01,-1.103694438934326172e+00,1.033416390419006348e+00,-9.065558910369873047e-01,4.960007667541503906e-01,9.965876936912536621e-01,1.373559832572937012e-01,-3.917759060859680176e-01,-1.043808937072753906e+00,5.437011718750000000e-01,5.591210126876831055e-01,-3.985486626625061035e-01,6.415892839431762695e-01
7.165645360946655273e-01,-6.548613905906677246e-01,-8.305889368057250977e-01,6.898888349533081055e-01,-1.040646195411682129e+00,5.966459512710571289e-01,1.110308289527893066e+00,-3.799798190593719482e-01,-7.907014489173889160e-01,-1.205868721008300781e+00,5.588662028312683105e-01,9.223605394363403320e-01,-5.432347059249877930e-01,4.640858471393585205e-01
8.910618424415588379e-01,-7.746083736419677734e-01,-6.302976012229919434e-01,1.282848864793777466e-01,-1.036535382270812988e+00,6.502956748008728027e-01,1.283488392829895020e+00,-5.586512684822082520e-01,-9.241689443588256836e-01,-1.363641500473022461e+00,6.727544665336608887e-01,1.268649458885192871e+00,-8.154686093330383301e-01,1.125647202134132385e-01
1.205788612365722656e+00,-7.906252741813659668e-01,-2.710392475128173828e-01,-3.215335309505462646e-01,-1.469904541969299316e+00,1.005865454673767090e+00,1.488853216171264648e+00,-1.071896553039550781e+00,-8.636104464530944824e-01,-1.380060315132141113e+00,7.061378359794616699e-01,1.654816865921020508e+00,-7.085161805152893066e-01,-2.280532717704772949e-01
1.468987107276916504e+00,-7.995906472206115723e-01,1.746502816677093506e-01,-6.149142384529113770e-01,-1.207228302955627441e+00,9.100419282913208008e-01,1.440759778022766113e+00,-1.140317082405090332e+00,-9.955918192863464355e-01,-1.316629648208618164e+00,8.147202134132385254e-01,1.771458864212036133e+00,-1.011553525924682617e+00,-3.522615134716033936e-01
1.384277343750000000e+00,-1.108581066131591797e+00,4.911908209323883057e-01,-9.912117719650268555e-01,-1.443108320236206055e+00,1.038032174110412598e+00,1.475707530975341797e+00,-1.231487274169921875e+00,-1.090496301651000977e+00,-9.040181636810302734e-01,6.595474481582641602e-01,1.631245851516723633e+00,-9.877491593360900879e-01,-5.194147825241088867e-01
1.134840726852416992e+00,-1.118138790130615234e+00,6.882270574569702148e-01,-1.010360121726989746e+00,-1.265617728233337402e+00,9.542621374130249023e-01,1.262555599212646484e+00,-1.285188913345336914e+00,-7.998903393745422363e-01,-6.757028102874755859e-01,7.087672352790832520e-01,1.424398541450500488e+00,-7.290514707565307617e-01,-6.230155825614929199e-01
1.023005366325378418e+00,-1.207521200180053711e+00,6.424356698989868164e-01,-1.169790267944335938e+00,-1.307451963424682617e+00,6.558672785758972168e-01,9.601437449455261230e-01,-1.138828873634338379e+00,-5.201347470283508301e-01,-4.659031331539154053e-02,3.770657777786254883e-01,1.127422928810119629e+00,-4.669935703277587891e-01,-9.637975096702575684e-01
7.802438735961914062e-01,-1.263042449951171875e+00,9.184440970420837402e-01,-1.194706201553344727e+00,-1.125551342964172363e+00,4.163774549961090088e-01,4.090164005756378174e-01,-1.102221369743347168e+00,-1.982396394014358521e-01,1.922979801893234253e-01,6.202774867415428162e-02,7.763941884040832520e-01,5.305035784840583801e-02,-1.048896670341491699e+00
3.403076827526092529e-01,-1.109285831451416016e+00,8.044019341468811035e-01,-1.126999497413635254e+00,-8.257295489311218262e-01,1.289250403642654419e-01,-8.092094957828521729e-02,-1.057562351226806641e+00,1.640992909669876099e-01,3.133706450462341309e-01,-3.875690698623657227e-01,3.748430907726287842e-01,1.771451979875564575e-01,-1.235363841056823730e+00
2.244210392236709595e-01,-8.348352313041687012e-01,4.815304875373840332e-01,-1.003498196601867676e+00,-5.105332136154174805e-01,-4.384581148624420166e-01,-4.334726631641387939e-01,-1.110192537307739258e+00,5.249797701835632324e-01,3.941672742366790771e-01,-7.342607378959655762e-01,-1.535556465387344360e-01,4.845400154590606689e-01,-1.276018619537353516e+00
-2.291056513786315918e-01,-3.995832204818725586e-01,2.645232677459716797e-01,-1.038194179534912109e+00,-1.491234600543975830e-01,-5.888348817825317383e-01,-1.019669890403747559e+00,-1.142877936363220215e+00,9.184003472328186035e-01,5.615926980972290039e-01,-8.878107070922851562e-01,-2.545282840728759766e-01,6.355361938476562500e-01,-1.346045494079589844e+00
-3.848844170570373535e-01,2.224169820547103882e-01,-1.724260151386260986e-01,-8.893949985504150391e-01,6.031569242477416992e-01,-8.064775466918945312e-01,-1.155509591102600098e+00,-8.324443101882934570e-01,1.034411907196044922e+00,4.890941083431243896e-01,-9.317224621772766113e-01,-6.222578287124633789e-01,7.035607099533081055e-01,-1.047470331192016602e+00
-8.582878112792968750e-01,6.752406954765319824e-01,-2.745454907417297363e-01,-8.655372262001037598e-01,1.076836347579956055e+00,-8.237354755401611328e-01,-1.438433170318603516e+00,-4.688825607299804688e-01,1.401901364326477051e+00,5.033072233200073242e-01,-5.317309498786926270e-01,-5.327724218368530273e-01,5.525208115577697754e-01,-9.700004458427429199e-01
-5.838562250137329102e-01,1.277248144149780273e+00,-4.597719609737396240e-01,-6.348236799240112305e-01,1.352519154548645020e+00,-7.035717964172363281e-01,-1.306177496910095215e+00,-2.529749870300292969e-01,1.379540681838989258e+00,6.660329699516296387e-01,-3.243049681186676025e-01,-7.740311622619628906e-01,4.025996923446655273e-01,-4.896816015243530273e-01
-8.442263007164001465e-01,1.779616236686706543e+00,-6.587972044944763184e-01,-3.697849810123443604e-01,1.511816263198852539e+00,-3.996316790580749512e-01,-1.136124253273010254e+00,7.149206846952438354e-02,1.235736846923828125e+00,6.828730702400207520e-01,1.403987407684326172e-01,-6.743286252021789551e-01,1.797485202550888062e-01,-1.822401396930217743e-02
-8.063427209854125977e-01,1.787280440330505371e+00,-5.014806985855102539e-01,-1.847471445798873901e-01,1.602710247039794922e+00,-1.522571295499801636e-01,-9.395771026611328125e-01,6.883716583251953125e-01,9.879018068313598633e-01,9.293195009231567383e-01,4.356526136398315430e-01,-6.086199283599853516e-01,-2.468435168266296387e-01,4.055399298667907715e-01
-1.077923417091369629e+00,1.718636512756347656e+00,-6.541960835456848145e-01,3.125780820846557617e-01,1.379010319709777832e+00,-5.855565145611763000e-02,-5.013782382011413574e-01,1.141765594482421875e+00,9.013884067535400391e-01,8.266130685806274414e-01,4.514032304286956787e-01,-6.339440941810607910e-01,-3.297839760780334473e-01,8.465732336044311523e-01
-1.266316771507263184e+00,1.636697649955749512e+00,-4.483447968959808350e-01,9.031493663787841797e-01,1.025624871253967285e+00,1.974527388811111450e-01,-3.607410788536071777e-01,1.339487910270690918e+00,7.766371369361877441e-01,9.226388335227966309e-01,5.726234912872314453e-01,-6.939756274223327637e-01,-5.893840789794921875e-01,8.820074200630187988e-01
-1.238198041915893555e+00,1.359905242919921875e+00,-6.140921711921691895e-01,1.093901872634887695e+00,4.890865981578826904e-01,5.567072629928588867e-01,-9.107381105422973633e-02,1.582728624343872070e+00,5.233325958251953125e-01,3.723425269126892090e-01,5.046265125274658203e-01,-4.451516866683959961e-01,-7.220925092697143555e-01,1.038980007171630859e+00
-1.023899912834167480e+00,9.550520777702331543e-01,-6.492556333541870117e-01,1.698492169380187988e+00,2.009810358285903931e-01,6.539490818977355957e-01,-1.606441847980022430e-02,1.567768692970275879e+00,2.126219421625137329e-01,1.845070719718933105e-01,6.431258320808410645e-01,-6.489734053611755371e-01,-7.871341109275817871e-01,1.125929832458496094e+00
-9.269338846206665039e-01,8.213582634925842285e-01,-4.498485624790191650e-01,1.753832101821899414e+00,-2.116696089506149292e-01,5.551264286041259766e-01,-1.403530389070510864e-01,1.448937535285949707e+00,3.304535895586013794e-02,-1.316583156585693359e-01,5.676051974296569824e-01,-4.465402066707611084e-01,-5.282655358314514160e-01,9.863834381103515625e-01
-7.952777743339538574e-01,7.981812953948974609e-01,-3.708473443984985352e-01,1.719932556152343750e+00,-3.350918889045715332e-01,6.100485920906066895e-01,7.862287759780883789e-02,1.124563932418823242e+00,-4.045689851045608521e-02,-3.501348495483398438e-01,6.132211089134216309e-01,-4.675613641738891602e-01,-5.094298720359802246e-01,9.408633708953857422e-01
-5.278872847557067871e-01,5.690656900405883789e-01,-3.358267843723297119e-01,1.487596154212951660e+00,-5.569388270378112793e-01,6.679266095161437988e-01,2.854179143905639648e-01,8.345458507537841797e-01,-1.911443769931793213e-01,-6.056948304176330566e-01,6.789320707321166992e-01,-1.394918262958526611e-01,-2.308650463819503784e-01,7.609463334083557129e-01
-2.998888492584228516e-01,1.937954127788543701e-01,-2.545014619827270508e-01,1.273800969123840332e+00,-6.617871522903442383e-01,4.354707598686218262e-01,2.665084004402160645e-01,5.226675271987915039e-01,-6.162854433059692383e-01,-5.702770352363586426e-01,5.916475057601928711e-01,1.611298769712448120e-01,-1.092207208275794983e-01,6.935842633247375488e-01
3.488773107528686523e-01,7.528668642044067383e-02,-2.062703669071197510e-01,6.908544898033142090e-01,-4.843923449516296387e-01,4.337046444416046143e-01,4.064218699932098389e-01,4.555097520351409912e-01,-9.392421841621398926e-01,-8.678281903266906738e-01,5.908769965171813965e-01,5.321564674377441406e-01,-2.696996033191680908e-01,5.936849117279052734e-01
6.245142817497253418e-01,-4.558227062225341797e-01,8.437822759151458740e-02,5.366445779800415039e-01,-3.723742365837097168e-01,2.726807892322540283e-01,4.239560365676879883e-01,2.596030831336975098e-01,-9.017499685287475586e-01,-6.321228742599487305e-01,6.875630021095275879e-01,5.089980959892272949e-01,3.752025589346885681e-02,4.558122158050537109e-01
9.077473282814025879e-01,-8.329089879989624023e-01,3.585126101970672607e-01,-8.886675536632537842e-02,-6.787082552909851074e-01,2.139039188623428345e-01,5.162395834922790527e-01,1.196652799844741821e-01,-1.060142993927001953e+00,-1.731764227151870728e-01,3.335567414760589600e-01,6.645294427871704102e-01,1.570916026830673218e-01,2.767135798931121826e-01
1.159571170806884766e+00,-1.079113245010375977e+00,8.508577346801757812e-01,-3.391824364662170410e-01,-1.201684027910232544e-01,2.509277164936065674e-01,6.268312335014343262e-01,-3.428902104496955872e-02,-1.221056580543518066e+00,-2.624610960483551025e-01,-1.349356323480606079e-01,8.344509601593017578e-01,2.123887836933135986e-01,1.814115047454833984e-01
1.240518212318420410e+00,-1.494321227073669434e+00,1.174985527992248535e+00,-6.505693197250366211e-01,-2.211952358484268188e-01,-2.761684358119964600e-01,7.993463873863220215e-01,-3.015305101871490479e-01,-1.206810355186462402e+00,-1.240518912672996521e-01,-5.837594866752624512e-01,6.600649356842041016e-01,4.081690907478332520e-01,-2.018403261899948120e-02
1.318060636520385742e+00,-1.713249564170837402e+00,1.641471743583679199e+00,-7.777426838874816895e-01,-1.803695410490036011e-01,-1.000687181949615479e-01,5.889008045196533203e-01,-3.398119807243347168e-01,-8.176669478416442871e-01,-7.196122407913208008e-02,-9.209764003753662109e-01,2.769519984722137451e-01,6.322286725044250488e-01,-3.602258861064910889e-01
1.298890352249145508e+00,-1.676895022392272949e+00,1.606534123420715332e+00,-7.557562589645385742e-01,-2.483660280704498291e-01,-4.592151641845703125e-01,2.260125875473022461e-01,-8.855847120285034180e-01,-4.891489744186401367e-01,8.289766311645507812e-02,-1.428719282150268555e+00,6.533352285623550415e-02,6.514961123466491699e-01,-7.805862426757812500e-01
1.119688272476196289e+00,-1.371334552764892578e+00,1.576847910881042480e+00,-7.823706865310668945e-01,-3.012581467628479004e-01,-7.565835118293762207e-01,-7.337635010480880737e-02,-8.723145723342895508e-01,-1.514919381588697433e-02,-8.144307881593704224e-02,-1.573010563850402832e+00,-4.261173605918884277e-01,9.486758708953857422e-01,-7.018980979919433594e-01
7.504566311836242676e-01,-7.936223745346069336e-01,1.513694882392883301e+00,-9.981787800788879395e-01,1.363072916865348816e-02,-8.883779644966125488e-01,-1.642999351024627686e-01,-1.193588018417358398e+00,1.275142878293991089e-01,-1.722687333822250366e-01,-1.693027496337890625e+00,-8.108633756637573242e-01,1.256835818290710449e+00,-8.889938592910766602e-01
5.705402493476867676e-01,-2.426888644695281982e-01,1.166841387748718262e+00,-9.420616030693054199e-01,2.333880960941314697e-01,-1.200366854667663574e+00,-5.852022171020507812e-01,-1.470211982727050781e+00,5.499178767204284668e-01,5.244118347764015198e-02,-1.496651649475097656e+00,-8.886728286743164062e-01,1.315089464187622070e+00,-9.643748402595520020e-01
5.558770895004272461e-02,-8.860084414482116699e-02,4.550037384033203125e-01,-9.344722628593444824e-01,5.070925951004028320e-01,-1.317743420600891113e+00,-7.542542219161987305e-01,-1.300945639610290527e+00,6.758814454078674316e-01,3.246349096298217773e-01,-1.383135676383972168e+00,-1.048533320426940918e+00,1.260300874710083008e+00,-8.171643018722534180e-01
-5.632856115698814392e-02,3.006622493267059326e-01,6.443634629249572754e-02,-9.896642565727233887e-01,5.473451614379882812e-01,-1.345051288604736328e+00,-8.218423724174499512e-01,-1.336601614952087402e+00,5.862125158309936523e-01,5.614542365074157715e-01,-8.014250397682189941e-01,-1.125623822212219238e+00,1.321044445037841797e+00,-7.498761415481567383e-01
-1.184522062540054321e-01,3.204213380813598633e-01,-4.628243446350097656e-01,-8.070268630981445312e-01,7.309553623199462891e-01,-1.163265943527221680e+00,-6.411717534065246582e-01,-7.492705583572387695e-01,7.591388821601867676e-01,5.246027112007141113e-01,-4.049570262432098389e-01,-8.980829119682312012e-01,7.726005315780639648e-01,-3.271445035934448242e-01
-2.384753227233886719e-01,6.748996376991271973e-01,-6.204614043235778809e-01,-7.698693871498107910e-01,9.766918420791625977e-01,-1.124564528465270996e+00,-5.350938439369201660e-01,-4.822391867637634277e-01,3.825326263904571533e-01,7.076025605201721191e-01,-1.731826961040496826e-01,-6.930507421493530273e-01,4.599672257900238037e-01,-5.200599320232868195e-03
-2.910991609096527100e-01,6.010655760765075684e-01,-1.118705749511718750e+00,-4.369377493858337402e-01,5.188006758689880371e-01,-7.909761667251586914e-01,-3.306502699851989746e-01,-3.388781473040580750e-02,2.019536346197128296e-01,3.841089904308319092e-01,1.509493440389633179e-01,-6.062541007995605469e-01,-7.037354260683059692e-02,3.295900225639343262e-01
-4.905600547790527344e-01,3.488247394561767578e-01,-1.431455016136169434e+00,-1.170517504215240479e-01,1.587015539407730103e-01,-4.650747478008270264e-01,-5.178128555417060852e-02,2.056437283754348755e-01,8.871572092175483704e-03,3.346955478191375732e-01,5.846432968974113464e-02,-4.953243136405944824e-01,-6.007261276245117188e-01,5.076120495796203613e-01
-4.998605847358703613e-01,3.476043343544006348e-01,-1.400525093078613281e+00,3.626072313636541367e-03,-8.806356042623519897e-02,8.818957954645156860e-02,3.345690369606018066e-01,1.782291680574417114e-01,4.020830616354942322e-02,1.230492889881134033e-01,3.952536582946777344e-01,2.579992078244686127e-02,-9.978678226470947266e-01,6.601076722145080566e-01
-5.036785006523132324e-01,4.075804352760314941e-01,-1.447187662124633789e+00,5.564146637916564941e-01,-6.023228764533996582e-01,5.165496468544006348e-01,4.783599078655242920e-01,4.845898151397705078e-01,-7.976984977722167969e-02,-1.688777208328247070e-01,5.649858117103576660e-01,4.464399069547653198e-02,-1.365242481231689453e+00,5.545532107353210449e-01
-4.283183813095092773e-01,1.924127042293548584e-01,-1.372329831123352051e+00,7.872273325920104980e-01,-1.149632930755615234e+00,9.444571137428283691e-01,6.958723664283752441e-01,5.394909977912902832e-01,-2.895725965499877930e-01,-6.943475008010864258e-01,9.121477603912353516e-01,1.475415527820587158e-01,-1.679704904556274414e+00,3.865718543529510498e-01
-6.016696691513061523e-01,2.040439844131469727e-01,-1.272887825965881348e+00,9.686677455902099609e-01,-1.317872285842895508e+00,1.186615347862243652e+00,7.760307788848876953e-01,4.205716550350189209e-01,-2.079957723617553711e-01,-5.680831670761108398e-01,1.130546927452087402e+00,3.024907410144805908e-01,-1.640349626541137695e+00,2.814500331878662109e-01
-6.501383185386657715e-01,4.164665341377258301e-01,-1.279016613960266113e+00,1.124936223030090332e+00,-1.411635279655456543e+00,1.372807502746582031e+00,6.756195425987243652e-01,2.889854907989501953e-01,-1.888907104730606079e-01,-8.300564289093017578e-01,1.413569092750549316e+00,3.699696660041809082e-01,-1.309067845344543457e+00,3.025685548782348633e-01
